meta_id,post_id,meta_key,meta_value
1,2,_wp_page_template,default
2,3,_wp_page_template,default
3,7,_wp_trash_meta_status,publish
4,7,_wp_trash_meta_time,1714134373
5,8,_wp_attached_file,woocommerce-placeholder.png
6,8,_wp_attachment_metadata,"a:6:{s:5:""width"";i:1200;s:6:""height"";i:1200;s:4:""file"";s:27:""woocommerce-placeholder.png"";s:8:""filesize"";i:102644;s:5:""sizes"";a:5:{s:6:""medium"";a:5:{s:4:""file"";s:35:""woocommerce-placeholder-300x300.png"";s:5:""width"";i:300;s:6:""height"";i:300;s:9:""mime-type"";s:9:""image/png"";s:8:""filesize"";i:12475;}s:5:""large"";a:5:{s:4:""file"";s:37:""woocommerce-placeholder-1024x1024.png"";s:5:""width"";i:1024;s:6:""height"";i:1024;s:9:""mime-type"";s:9:""image/png"";s:8:""filesize"";i:98202;}s:9:""thumbnail"";a:5:{s:4:""file"";s:35:""woocommerce-placeholder-150x150.png"";s:5:""width"";i:150;s:6:""height"";i:150;s:9:""mime-type"";s:9:""image/png"";s:8:""filesize"";i:4204;}s:12:""medium_large"";a:5:{s:4:""file"";s:35:""woocommerce-placeholder-768x768.png"";s:5:""width"";i:768;s:6:""height"";i:768;s:9:""mime-type"";s:9:""image/png"";s:8:""filesize"";i:60014;}s:29:""woocommerce_thumbnail_preview"";a:5:{s:4:""file"";s:35:""woocommerce-placeholder-300x225.png"";s:5:""width"";i:300;s:6:""height"";i:225;s:9:""mime-type"";s:9:""image/png"";s:8:""filesize"";i:12095;}}s:10:""image_meta"";a:12:{s:8:""aperture"";s:1:""0"";s:6:""credit"";s:0:"""";s:6:""camera"";s:0:"""";s:7:""caption"";s:0:"""";s:17:""created_timestamp"";s:1:""0"";s:9:""copyright"";s:0:"""";s:12:""focal_length"";s:1:""0"";s:3:""iso"";s:1:""0"";s:13:""shutter_speed"";s:1:""0"";s:5:""title"";s:0:"""";s:11:""orientation"";s:1:""0"";s:8:""keywords"";a:0:{}}}"
7,60,_edit_last,1
8,60,_edit_lock,1715068091:1
9,61,_wp_attached_file,2024/05/1-1.png
10,61,_wp_attachment_metadata,"a:6:{s:5:""width"";i:500;s:6:""height"";i:500;s:4:""file"";s:15:""2024/05/1-1.png"";s:8:""filesize"";i:28723;s:5:""sizes"";a:5:{s:6:""medium"";a:5:{s:4:""file"";s:15:""1-1-300x300.png"";s:5:""width"";i:300;s:6:""height"";i:300;s:9:""mime-type"";s:9:""image/png"";s:8:""filesize"";i:15393;}s:9:""thumbnail"";a:5:{s:4:""file"";s:15:""1-1-150x150.png"";s:5:""width"";i:150;s:6:""height"";i:150;s:9:""mime-type"";s:9:""image/png"";s:8:""filesize"";i:5632;}s:21:""woocommerce_thumbnail"";a:6:{s:4:""file"";s:15:""1-1-300x300.png"";s:5:""width"";i:300;s:6:""height"";i:300;s:9:""mime-type"";s:9:""image/png"";s:8:""filesize"";i:15393;s:9:""uncropped"";b:0;}s:29:""woocommerce_gallery_thumbnail"";a:5:{s:4:""file"";s:15:""1-1-100x100.png"";s:5:""width"";i:100;s:6:""height"";i:100;s:9:""mime-type"";s:9:""image/png"";s:8:""filesize"";i:3098;}s:29:""woocommerce_thumbnail_preview"";a:5:{s:4:""file"";s:15:""1-1-300x225.png"";s:5:""width"";i:300;s:6:""height"";i:225;s:9:""mime-type"";s:9:""image/png"";s:8:""filesize"";i:15270;}}s:10:""image_meta"";a:12:{s:8:""aperture"";s:1:""0"";s:6:""credit"";s:0:"""";s:6:""camera"";s:0:"""";s:7:""caption"";s:0:"""";s:17:""created_timestamp"";s:1:""0"";s:9:""copyright"";s:0:"""";s:12:""focal_length"";s:1:""0"";s:3:""iso"";s:1:""0"";s:13:""shutter_speed"";s:1:""0"";s:5:""title"";s:0:"""";s:11:""orientation"";s:1:""0"";s:8:""keywords"";a:0:{}}}"
11,60,total_sales,0
12,60,_tax_status,taxable
13,60,_tax_class,
14,60,_manage_stock,no
15,60,_backorders,no
16,60,_sold_individually,no
17,60,_virtual,no
18,60,_downloadable,no
19,60,_download_limit,-1
20,60,_download_expiry,-1
21,60,_stock,
22,60,_stock_status,instock
23,60,_wc_average_rating,0
24,60,_wc_review_count,0
25,60,_product_attributes,"a:1:{s:7:""storlek"";a:6:{s:4:""name"";s:7:""storlek"";s:5:""value"";s:19:""2 kg | 6 kg | 12 kg"";s:8:""position"";i:0;s:10:""is_visible"";i:1;s:12:""is_variation"";i:1;s:11:""is_taxonomy"";i:0;}}"
26,60,_product_version,8.8.2
27,62,_variation_description,
28,62,total_sales,0
29,62,_tax_status,taxable
30,62,_tax_class,parent
31,62,_manage_stock,no
32,62,_backorders,no
33,62,_sold_individually,no
34,62,_virtual,no
35,62,_downloadable,no
36,62,_download_limit,-1
37,62,_download_expiry,-1
38,62,_stock,
39,62,_stock_status,instock
40,62,_wc_average_rating,0
41,62,_wc_review_count,0
42,62,attribute_storlek,2 kg
43,62,_product_version,8.8.2
44,63,_variation_description,
45,63,total_sales,0
46,63,_tax_status,taxable
47,63,_tax_class,parent
48,63,_manage_stock,no
49,63,_backorders,no
50,63,_sold_individually,no
51,63,_virtual,no
52,63,_downloadable,no
53,63,_download_limit,-1
54,63,_download_expiry,-1
55,63,_stock,
56,63,_stock_status,instock
57,63,_wc_average_rating,0
58,63,_wc_review_count,0
59,63,attribute_storlek,6 kg
60,63,_product_version,8.8.2
61,64,_variation_description,
62,64,total_sales,0
63,64,_tax_status,taxable
64,64,_tax_class,parent
65,64,_manage_stock,no
66,64,_backorders,no
67,64,_sold_individually,no
68,64,_virtual,no
69,64,_downloadable,no
70,64,_download_limit,-1
71,64,_download_expiry,-1
72,64,_stock,
73,64,_stock_status,instock
74,64,_wc_average_rating,0
75,64,_wc_review_count,0
76,64,attribute_storlek,12 kg
77,64,_product_version,8.8.2
78,62,_regular_price,269
79,62,_thumbnail_id,0
80,62,_price,269
81,63,_regular_price,559
82,63,_thumbnail_id,0
83,63,_price,559
84,64,_regular_price,799
85,64,_thumbnail_id,0
86,64,_price,799
90,60,_thumbnail_id,61
91,65,_edit_last,1
92,65,_edit_lock,1715073508:1
93,65,total_sales,0
94,65,_tax_status,taxable
95,65,_tax_class,
96,65,_manage_stock,no
97,65,_backorders,no
98,65,_sold_individually,no
99,65,_virtual,no
100,65,_downloadable,no
101,65,_download_limit,-1
102,65,_download_expiry,-1
103,65,_stock,
104,65,_stock_status,instock
105,65,_wc_average_rating,0
106,65,_wc_review_count,0
107,65,_product_attributes,"a:1:{s:7:""storlek"";a:6:{s:4:""name"";s:7:""storlek"";s:5:""value"";s:19:""2 kg | 6 kg | 12 kg"";s:8:""position"";i:0;s:10:""is_visible"";i:1;s:12:""is_variation"";i:1;s:11:""is_taxonomy"";i:0;}}"
108,65,_product_version,8.8.2
109,66,_variation_description,
110,66,total_sales,0
111,66,_tax_status,taxable
112,66,_tax_class,parent
113,66,_manage_stock,no
114,66,_backorders,no
115,66,_sold_individually,no
116,66,_virtual,no
117,66,_downloadable,no
118,66,_download_limit,-1
119,66,_download_expiry,-1
120,66,_stock,
121,66,_stock_status,instock
122,66,_wc_average_rating,0
123,66,_wc_review_count,0
124,66,attribute_storlek,2 kg
125,66,_product_version,8.8.2
126,67,_variation_description,
127,67,total_sales,0
128,67,_tax_status,taxable
129,67,_tax_class,parent
130,67,_manage_stock,no
131,67,_backorders,no
132,67,_sold_individually,no
133,67,_virtual,no
134,67,_downloadable,no
135,67,_download_limit,-1
136,67,_download_expiry,-1
137,67,_stock,
138,67,_stock_status,instock
139,67,_wc_average_rating,0
140,67,_wc_review_count,0
141,67,attribute_storlek,6 kg
142,67,_product_version,8.8.2
143,68,_variation_description,
144,68,total_sales,0
145,68,_tax_status,taxable
146,68,_tax_class,parent
147,68,_manage_stock,no
148,68,_backorders,no
149,68,_sold_individually,no
150,68,_virtual,no
151,68,_downloadable,no
152,68,_download_limit,-1
153,68,_download_expiry,-1
154,68,_stock,
155,68,_stock_status,instock
156,68,_wc_average_rating,0
157,68,_wc_review_count,0
158,68,attribute_storlek,12 kg
159,68,_product_version,8.8.2
160,66,_regular_price,279
161,66,_thumbnail_id,0
162,66,_price,279
163,67,_regular_price,549
164,67,_thumbnail_id,0
165,67,_price,549
166,68,_regular_price,849
167,68,_thumbnail_id,0
168,68,_price,849
169,65,_price,279
170,65,_price,549
171,65,_price,849
172,69,_wp_attached_file,2024/05/5-1.png
173,69,_wp_attachment_metadata,"a:6:{s:5:""width"";i:500;s:6:""height"";i:500;s:4:""file"";s:15:""2024/05/5-1.png"";s:8:""filesize"";i:17224;s:5:""sizes"";a:4:{s:6:""medium"";a:5:{s:4:""file"";s:15:""5-1-300x300.png"";s:5:""width"";i:300;s:6:""height"";i:300;s:9:""mime-type"";s:9:""image/png"";s:8:""filesize"";i:9707;}s:9:""thumbnail"";a:5:{s:4:""file"";s:15:""5-1-150x150.png"";s:5:""width"";i:150;s:6:""height"";i:150;s:9:""mime-type"";s:9:""image/png"";s:8:""filesize"";i:4215;}s:21:""woocommerce_thumbnail"";a:6:{s:4:""file"";s:15:""5-1-300x300.png"";s:5:""width"";i:300;s:6:""height"";i:300;s:9:""mime-type"";s:9:""image/png"";s:8:""filesize"";i:9707;s:9:""uncropped"";b:0;}s:29:""woocommerce_gallery_thumbnail"";a:5:{s:4:""file"";s:15:""5-1-100x100.png"";s:5:""width"";i:100;s:6:""height"";i:100;s:9:""mime-type"";s:9:""image/png"";s:8:""filesize"";i:2325;}}s:10:""image_meta"";a:12:{s:8:""aperture"";s:1:""0"";s:6:""credit"";s:0:"""";s:6:""camera"";s:0:"""";s:7:""caption"";s:0:"""";s:17:""created_timestamp"";s:1:""0"";s:9:""copyright"";s:0:"""";s:12:""focal_length"";s:1:""0"";s:3:""iso"";s:1:""0"";s:13:""shutter_speed"";s:1:""0"";s:5:""title"";s:0:"""";s:11:""orientation"";s:1:""0"";s:8:""keywords"";a:0:{}}}"
174,65,_thumbnail_id,69
175,70,_edit_last,1
176,70,_edit_lock,1715073470:1
177,70,total_sales,0
178,70,_tax_status,taxable
179,70,_tax_class,
180,70,_manage_stock,no
181,70,_backorders,no
182,70,_sold_individually,no
183,70,_virtual,no
184,70,_downloadable,no
185,70,_download_limit,-1
186,70,_download_expiry,-1
187,70,_stock,
188,70,_stock_status,instock
189,70,_wc_average_rating,0
190,70,_wc_review_count,0
191,70,_product_attributes,"a:1:{s:7:""storlek"";a:6:{s:4:""name"";s:7:""storlek"";s:5:""value"";s:4:""400g"";s:8:""position"";i:0;s:10:""is_visible"";i:1;s:12:""is_variation"";i:1;s:11:""is_taxonomy"";i:0;}}"
192,70,_product_version,8.8.2
193,71,_variation_description,
194,71,total_sales,0
195,71,_tax_status,taxable
196,71,_tax_class,parent
197,71,_manage_stock,no
198,71,_backorders,no
199,71,_sold_individually,no
200,71,_virtual,no
201,71,_downloadable,no
202,71,_download_limit,-1
203,71,_download_expiry,-1
204,71,_stock,
205,71,_stock_status,instock
206,71,_wc_average_rating,0
207,71,_wc_review_count,0
208,71,attribute_storlek,400g
209,71,_product_version,8.8.2
210,71,_regular_price,39
211,71,_thumbnail_id,0
212,71,_price,39
213,70,_price,39
214,72,_wp_attached_file,2024/05/6-1.png
215,72,_wp_attachment_metadata,"a:6:{s:5:""width"";i:500;s:6:""height"";i:500;s:4:""file"";s:15:""2024/05/6-1.png"";s:8:""filesize"";i:23619;s:5:""sizes"";a:5:{s:6:""medium"";a:5:{s:4:""file"";s:15:""6-1-300x300.png"";s:5:""width"";i:300;s:6:""height"";i:300;s:9:""mime-type"";s:9:""image/png"";s:8:""filesize"";i:13921;}s:9:""thumbnail"";a:5:{s:4:""file"";s:15:""6-1-150x150.png"";s:5:""width"";i:150;s:6:""height"";i:150;s:9:""mime-type"";s:9:""image/png"";s:8:""filesize"";i:5006;}s:21:""woocommerce_thumbnail"";a:6:{s:4:""file"";s:15:""6-1-300x300.png"";s:5:""width"";i:300;s:6:""height"";i:300;s:9:""mime-type"";s:9:""image/png"";s:8:""filesize"";i:13921;s:9:""uncropped"";b:0;}s:29:""woocommerce_gallery_thumbnail"";a:5:{s:4:""file"";s:15:""6-1-100x100.png"";s:5:""width"";i:100;s:6:""height"";i:100;s:9:""mime-type"";s:9:""image/png"";s:8:""filesize"";i:2662;}s:29:""woocommerce_thumbnail_preview"";a:5:{s:4:""file"";s:15:""6-1-300x225.png"";s:5:""width"";i:300;s:6:""height"";i:225;s:9:""mime-type"";s:9:""image/png"";s:8:""filesize"";i:13863;}}s:10:""image_meta"";a:12:{s:8:""aperture"";s:1:""0"";s:6:""credit"";s:0:"""";s:6:""camera"";s:0:"""";s:7:""caption"";s:0:"""";s:17:""created_timestamp"";s:1:""0"";s:9:""copyright"";s:0:"""";s:12:""focal_length"";s:1:""0"";s:3:""iso"";s:1:""0"";s:13:""shutter_speed"";s:1:""0"";s:5:""title"";s:0:"""";s:11:""orientation"";s:1:""0"";s:8:""keywords"";a:0:{}}}"
216,70,_thumbnail_id,72
217,70,_regular_price,39
218,73,_edit_last,1
219,73,_edit_lock,1715067761:1
220,74,_wp_attached_file,2024/05/9-1.png
221,74,_wp_attachment_metadata,"a:6:{s:5:""width"";i:500;s:6:""height"";i:500;s:4:""file"";s:15:""2024/05/9-1.png"";s:8:""filesize"";i:11179;s:5:""sizes"";a:5:{s:6:""medium"";a:5:{s:4:""file"";s:15:""9-1-300x300.png"";s:5:""width"";i:300;s:6:""height"";i:300;s:9:""mime-type"";s:9:""image/png"";s:8:""filesize"";i:6180;}s:9:""thumbnail"";a:5:{s:4:""file"";s:15:""9-1-150x150.png"";s:5:""width"";i:150;s:6:""height"";i:150;s:9:""mime-type"";s:9:""image/png"";s:8:""filesize"";i:2490;}s:21:""woocommerce_thumbnail"";a:6:{s:4:""file"";s:15:""9-1-300x300.png"";s:5:""width"";i:300;s:6:""height"";i:300;s:9:""mime-type"";s:9:""image/png"";s:8:""filesize"";i:6180;s:9:""uncropped"";b:0;}s:29:""woocommerce_gallery_thumbnail"";a:5:{s:4:""file"";s:15:""9-1-100x100.png"";s:5:""width"";i:100;s:6:""height"";i:100;s:9:""mime-type"";s:9:""image/png"";s:8:""filesize"";i:1473;}s:29:""woocommerce_thumbnail_preview"";a:5:{s:4:""file"";s:15:""9-1-300x225.png"";s:5:""width"";i:300;s:6:""height"";i:225;s:9:""mime-type"";s:9:""image/png"";s:8:""filesize"";i:5911;}}s:10:""image_meta"";a:12:{s:8:""aperture"";s:1:""0"";s:6:""credit"";s:0:"""";s:6:""camera"";s:0:"""";s:7:""caption"";s:0:"""";s:17:""created_timestamp"";s:1:""0"";s:9:""copyright"";s:0:"""";s:12:""focal_length"";s:1:""0"";s:3:""iso"";s:1:""0"";s:13:""shutter_speed"";s:1:""0"";s:5:""title"";s:0:"""";s:11:""orientation"";s:1:""0"";s:8:""keywords"";a:0:{}}}"
222,73,total_sales,0
223,73,_tax_status,taxable
224,73,_tax_class,
225,73,_manage_stock,no
226,73,_backorders,no
227,73,_sold_individually,no
228,73,_virtual,no
229,73,_downloadable,no
230,73,_download_limit,-1
231,73,_download_expiry,-1
232,73,_stock,
233,73,_stock_status,instock
234,73,_wc_average_rating,0
235,73,_wc_review_count,0
236,73,_product_attributes,"a:1:{s:7:""storlek"";a:6:{s:4:""name"";s:7:""storlek"";s:5:""value"";s:4:""400g"";s:8:""position"";i:0;s:10:""is_visible"";i:1;s:12:""is_variation"";i:1;s:11:""is_taxonomy"";i:0;}}"
237,73,_product_version,8.8.2
238,75,_variation_description,
239,75,total_sales,0
240,75,_tax_status,taxable
241,75,_tax_class,parent
242,75,_manage_stock,no
243,75,_backorders,no
244,75,_sold_individually,no
245,75,_virtual,no
246,75,_downloadable,no
247,75,_download_limit,-1
248,75,_download_expiry,-1
249,75,_stock,
250,75,_stock_status,instock
251,75,_wc_average_rating,0
252,75,_wc_review_count,0
253,75,attribute_storlek,400g
254,75,_product_version,8.8.2
255,75,_regular_price,39
256,75,_thumbnail_id,0
257,75,_price,39
258,73,_price,39
259,73,_thumbnail_id,74
269,60,_price,269
270,60,_price,559
271,60,_price,799
272,76,_edit_last,1
273,76,_edit_lock,1715068320:1
274,77,_wp_attached_file,2024/05/10-1.png
275,77,_wp_attachment_metadata,"a:6:{s:5:""width"";i:500;s:6:""height"";i:500;s:4:""file"";s:16:""2024/05/10-1.png"";s:8:""filesize"";i:24520;s:5:""sizes"";a:5:{s:6:""medium"";a:5:{s:4:""file"";s:16:""10-1-300x300.png"";s:5:""width"";i:300;s:6:""height"";i:300;s:9:""mime-type"";s:9:""image/png"";s:8:""filesize"";i:13306;}s:9:""thumbnail"";a:5:{s:4:""file"";s:16:""10-1-150x150.png"";s:5:""width"";i:150;s:6:""height"";i:150;s:9:""mime-type"";s:9:""image/png"";s:8:""filesize"";i:5076;}s:21:""woocommerce_thumbnail"";a:6:{s:4:""file"";s:16:""10-1-300x300.png"";s:5:""width"";i:300;s:6:""height"";i:300;s:9:""mime-type"";s:9:""image/png"";s:8:""filesize"";i:13306;s:9:""uncropped"";b:0;}s:29:""woocommerce_gallery_thumbnail"";a:5:{s:4:""file"";s:16:""10-1-100x100.png"";s:5:""width"";i:100;s:6:""height"";i:100;s:9:""mime-type"";s:9:""image/png"";s:8:""filesize"";i:2906;}s:29:""woocommerce_thumbnail_preview"";a:5:{s:4:""file"";s:16:""10-1-300x225.png"";s:5:""width"";i:300;s:6:""height"";i:225;s:9:""mime-type"";s:9:""image/png"";s:8:""filesize"";i:13068;}}s:10:""image_meta"";a:12:{s:8:""aperture"";s:1:""0"";s:6:""credit"";s:0:"""";s:6:""camera"";s:0:"""";s:7:""caption"";s:0:"""";s:17:""created_timestamp"";s:1:""0"";s:9:""copyright"";s:0:"""";s:12:""focal_length"";s:1:""0"";s:3:""iso"";s:1:""0"";s:13:""shutter_speed"";s:1:""0"";s:5:""title"";s:0:"""";s:11:""orientation"";s:1:""0"";s:8:""keywords"";a:0:{}}}"
276,76,total_sales,0
277,76,_tax_status,taxable
278,76,_tax_class,
279,76,_manage_stock,no
280,76,_backorders,no
281,76,_sold_individually,no
282,76,_virtual,no
283,76,_downloadable,no
284,76,_download_limit,-1
285,76,_download_expiry,-1
286,76,_stock,
287,76,_stock_status,instock
288,76,_wc_average_rating,0
289,76,_wc_review_count,0
290,76,_product_attributes,"a:1:{s:7:""storlek"";a:6:{s:4:""name"";s:7:""storlek"";s:5:""value"";s:9:""3kg | 8kg"";s:8:""position"";i:0;s:10:""is_visible"";i:1;s:12:""is_variation"";i:1;s:11:""is_taxonomy"";i:0;}}"
291,76,_product_version,8.8.2
292,78,_variation_description,
293,78,total_sales,0
294,78,_tax_status,taxable
295,78,_tax_class,parent
296,78,_manage_stock,no
297,78,_backorders,no
298,78,_sold_individually,no
299,78,_virtual,no
300,78,_downloadable,no
301,78,_download_limit,-1
302,78,_download_expiry,-1
303,78,_stock,
304,78,_stock_status,instock
305,78,_wc_average_rating,0
306,78,_wc_review_count,0
307,78,attribute_storlek,3kg
308,78,_product_version,8.8.2
309,79,_variation_description,
310,79,total_sales,0
311,79,_tax_status,taxable
312,79,_tax_class,parent
313,79,_manage_stock,no
314,79,_backorders,no
315,79,_sold_individually,no
316,79,_virtual,no
317,79,_downloadable,no
318,79,_download_limit,-1
319,79,_download_expiry,-1
320,79,_stock,
321,79,_stock_status,instock
322,79,_wc_average_rating,0
323,79,_wc_review_count,0
324,79,attribute_storlek,8kg
325,79,_product_version,8.8.2
326,78,_regular_price,569
327,78,_thumbnail_id,0
328,78,_price,569
329,79,_regular_price,1039
330,79,_thumbnail_id,0
331,79,_price,1039
332,76,_price,569
333,76,_price,1039
334,76,_thumbnail_id,77
335,81,_edit_last,1
336,81,_edit_lock,1715068600:1
337,81,total_sales,0
338,81,_tax_status,taxable
339,81,_tax_class,
340,81,_manage_stock,no
341,81,_backorders,no
342,81,_sold_individually,no
343,81,_virtual,no
344,81,_downloadable,no
345,81,_download_limit,-1
346,81,_download_expiry,-1
347,81,_stock,
348,81,_stock_status,instock
349,81,_wc_average_rating,0
350,81,_wc_review_count,0
351,81,_product_attributes,"a:1:{s:7:""storlek"";a:6:{s:4:""name"";s:7:""storlek"";s:5:""value"";s:16:""2kg | 6kg | 12kg"";s:8:""position"";i:0;s:10:""is_visible"";i:1;s:12:""is_variation"";i:1;s:11:""is_taxonomy"";i:0;}}"
352,81,_product_version,8.8.2
353,82,_variation_description,
354,82,total_sales,0
355,82,_tax_status,taxable
356,82,_tax_class,parent
357,82,_manage_stock,no
358,82,_backorders,no
359,82,_sold_individually,no
360,82,_virtual,no
361,82,_downloadable,no
362,82,_download_limit,-1
363,82,_download_expiry,-1
364,82,_stock,
365,82,_stock_status,instock
366,82,_wc_average_rating,0
367,82,_wc_review_count,0
368,82,attribute_storlek,2kg
369,82,_product_version,8.8.2
370,83,_variation_description,
371,83,total_sales,0
372,83,_tax_status,taxable
373,83,_tax_class,parent
374,83,_manage_stock,no
375,83,_backorders,no
376,83,_sold_individually,no
377,83,_virtual,no
378,83,_downloadable,no
379,83,_download_limit,-1
380,83,_download_expiry,-1
381,83,_stock,
382,83,_stock_status,instock
383,83,_wc_average_rating,0
384,83,_wc_review_count,0
385,83,attribute_storlek,6kg
386,83,_product_version,8.8.2
387,84,_variation_description,
388,84,total_sales,0
389,84,_tax_status,taxable
390,84,_tax_class,parent
391,84,_manage_stock,no
392,84,_backorders,no
393,84,_sold_individually,no
394,84,_virtual,no
395,84,_downloadable,no
396,84,_download_limit,-1
397,84,_download_expiry,-1
398,84,_stock,
399,84,_stock_status,instock
400,84,_wc_average_rating,0
401,84,_wc_review_count,0
402,84,attribute_storlek,12kg
403,84,_product_version,8.8.2
404,82,_regular_price,259
405,82,_thumbnail_id,0
406,82,_price,259
407,83,_regular_price,479
408,83,_thumbnail_id,0
409,83,_price,479
410,84,_regular_price,799
411,84,_thumbnail_id,0
412,84,_price,799
413,81,_price,259
414,81,_price,479
415,81,_price,799
416,85,_wp_attached_file,2024/05/8-1.png
417,85,_wp_attachment_metadata,"a:6:{s:5:""width"";i:500;s:6:""height"";i:500;s:4:""file"";s:15:""2024/05/8-1.png"";s:8:""filesize"";i:19006;s:5:""sizes"";a:4:{s:6:""medium"";a:5:{s:4:""file"";s:15:""8-1-300x300.png"";s:5:""width"";i:300;s:6:""height"";i:300;s:9:""mime-type"";s:9:""image/png"";s:8:""filesize"";i:9696;}s:9:""thumbnail"";a:5:{s:4:""file"";s:15:""8-1-150x150.png"";s:5:""width"";i:150;s:6:""height"";i:150;s:9:""mime-type"";s:9:""image/png"";s:8:""filesize"";i:3700;}s:21:""woocommerce_thumbnail"";a:6:{s:4:""file"";s:15:""8-1-300x300.png"";s:5:""width"";i:300;s:6:""height"";i:300;s:9:""mime-type"";s:9:""image/png"";s:8:""filesize"";i:9696;s:9:""uncropped"";b:0;}s:29:""woocommerce_gallery_thumbnail"";a:5:{s:4:""file"";s:15:""8-1-100x100.png"";s:5:""width"";i:100;s:6:""height"";i:100;s:9:""mime-type"";s:9:""image/png"";s:8:""filesize"";i:2112;}}s:10:""image_meta"";a:12:{s:8:""aperture"";s:1:""0"";s:6:""credit"";s:0:"""";s:6:""camera"";s:0:"""";s:7:""caption"";s:0:"""";s:17:""created_timestamp"";s:1:""0"";s:9:""copyright"";s:0:"""";s:12:""focal_length"";s:1:""0"";s:3:""iso"";s:1:""0"";s:13:""shutter_speed"";s:1:""0"";s:5:""title"";s:0:"""";s:11:""orientation"";s:1:""0"";s:8:""keywords"";a:0:{}}}"
418,81,_thumbnail_id,85
419,86,_edit_last,1
420,86,_edit_lock,1715072378:1
421,86,total_sales,0
422,86,_tax_status,taxable
423,86,_tax_class,
424,86,_manage_stock,no
425,86,_backorders,no
426,86,_sold_individually,no
427,86,_virtual,no
428,86,_downloadable,no
429,86,_download_limit,-1
430,86,_download_expiry,-1
431,86,_stock,
432,86,_stock_status,instock
433,86,_wc_average_rating,0
434,86,_wc_review_count,0
435,86,_product_attributes,"a:1:{s:7:""storlek"";a:6:{s:4:""name"";s:7:""storlek"";s:5:""value"";s:4:""500g"";s:8:""position"";i:0;s:10:""is_visible"";i:1;s:12:""is_variation"";i:1;s:11:""is_taxonomy"";i:0;}}"
436,86,_product_version,8.8.2
437,87,_variation_description,
438,87,total_sales,0
439,87,_tax_status,taxable
440,87,_tax_class,parent
441,87,_manage_stock,no
442,87,_backorders,no
443,87,_sold_individually,no
444,87,_virtual,no
445,87,_downloadable,no
446,87,_download_limit,-1
447,87,_download_expiry,-1
448,87,_stock,
449,87,_stock_status,instock
450,87,_wc_average_rating,0
451,87,_wc_review_count,0
452,87,attribute_storlek,500g
453,87,_product_version,8.8.2
454,87,_regular_price,99
455,87,_sale_price,89
456,87,_thumbnail_id,0
457,87,_price,89
458,86,_price,89
459,88,_wp_attached_file,2024/05/3-1.png
460,88,_wp_attachment_metadata,"a:6:{s:5:""width"";i:500;s:6:""height"";i:500;s:4:""file"";s:15:""2024/05/3-1.png"";s:8:""filesize"";i:134447;s:5:""sizes"";a:5:{s:6:""medium"";a:5:{s:4:""file"";s:15:""3-1-300x300.png"";s:5:""width"";i:300;s:6:""height"";i:300;s:9:""mime-type"";s:9:""image/png"";s:8:""filesize"";i:51425;}s:9:""thumbnail"";a:5:{s:4:""file"";s:15:""3-1-150x150.png"";s:5:""width"";i:150;s:6:""height"";i:150;s:9:""mime-type"";s:9:""image/png"";s:8:""filesize"";i:15370;}s:21:""woocommerce_thumbnail"";a:6:{s:4:""file"";s:15:""3-1-300x300.png"";s:5:""width"";i:300;s:6:""height"";i:300;s:9:""mime-type"";s:9:""image/png"";s:8:""filesize"";i:51425;s:9:""uncropped"";b:0;}s:29:""woocommerce_gallery_thumbnail"";a:5:{s:4:""file"";s:15:""3-1-100x100.png"";s:5:""width"";i:100;s:6:""height"";i:100;s:9:""mime-type"";s:9:""image/png"";s:8:""filesize"";i:7800;}s:29:""woocommerce_thumbnail_preview"";a:5:{s:4:""file"";s:15:""3-1-300x225.png"";s:5:""width"";i:300;s:6:""height"";i:225;s:9:""mime-type"";s:9:""image/png"";s:8:""filesize"";i:50875;}}s:10:""image_meta"";a:12:{s:8:""aperture"";s:1:""0"";s:6:""credit"";s:0:"""";s:6:""camera"";s:0:"""";s:7:""caption"";s:0:"""";s:17:""created_timestamp"";s:1:""0"";s:9:""copyright"";s:0:"""";s:12:""focal_length"";s:1:""0"";s:3:""iso"";s:1:""0"";s:13:""shutter_speed"";s:1:""0"";s:5:""title"";s:0:"""";s:11:""orientation"";s:1:""0"";s:8:""keywords"";a:0:{}}}"
461,86,_thumbnail_id,88
462,89,_edit_last,1
463,89,_edit_lock,1715069119:1
464,90,_wp_attached_file,2024/05/45-1.png
465,90,_wp_attachment_metadata,"a:6:{s:5:""width"";i:500;s:6:""height"";i:500;s:4:""file"";s:16:""2024/05/45-1.png"";s:8:""filesize"";i:12823;s:5:""sizes"";a:4:{s:6:""medium"";a:5:{s:4:""file"";s:16:""45-1-300x300.png"";s:5:""width"";i:300;s:6:""height"";i:300;s:9:""mime-type"";s:9:""image/png"";s:8:""filesize"";i:7235;}s:9:""thumbnail"";a:5:{s:4:""file"";s:16:""45-1-150x150.png"";s:5:""width"";i:150;s:6:""height"";i:150;s:9:""mime-type"";s:9:""image/png"";s:8:""filesize"";i:3022;}s:21:""woocommerce_thumbnail"";a:6:{s:4:""file"";s:16:""45-1-300x300.png"";s:5:""width"";i:300;s:6:""height"";i:300;s:9:""mime-type"";s:9:""image/png"";s:8:""filesize"";i:7235;s:9:""uncropped"";b:0;}s:29:""woocommerce_gallery_thumbnail"";a:5:{s:4:""file"";s:16:""45-1-100x100.png"";s:5:""width"";i:100;s:6:""height"";i:100;s:9:""mime-type"";s:9:""image/png"";s:8:""filesize"";i:1807;}}s:10:""image_meta"";a:12:{s:8:""aperture"";s:1:""0"";s:6:""credit"";s:0:"""";s:6:""camera"";s:0:"""";s:7:""caption"";s:0:"""";s:17:""created_timestamp"";s:1:""0"";s:9:""copyright"";s:0:"""";s:12:""focal_length"";s:1:""0"";s:3:""iso"";s:1:""0"";s:13:""shutter_speed"";s:1:""0"";s:5:""title"";s:0:"""";s:11:""orientation"";s:1:""0"";s:8:""keywords"";a:0:{}}}"
466,89,_thumbnail_id,90
467,89,_regular_price,269
468,89,_sale_price,249
469,89,total_sales,0
470,89,_tax_status,taxable
471,89,_tax_class,
472,89,_manage_stock,no
473,89,_backorders,no
474,89,_sold_individually,no
475,89,_virtual,no
476,89,_downloadable,no
477,89,_download_limit,-1
478,89,_download_expiry,-1
479,89,_stock,
480,89,_stock_status,instock
481,89,_wc_average_rating,0
482,89,_wc_review_count,0
483,89,_product_version,8.8.2
484,89,_price,249
485,92,_wp_attached_file,2024/05/38.png
486,92,_wp_attachment_metadata,"a:6:{s:5:""width"";i:500;s:6:""height"";i:500;s:4:""file"";s:14:""2024/05/38.png"";s:8:""filesize"";i:15572;s:5:""sizes"";a:4:{s:6:""medium"";a:5:{s:4:""file"";s:14:""38-300x300.png"";s:5:""width"";i:300;s:6:""height"";i:300;s:9:""mime-type"";s:9:""image/png"";s:8:""filesize"";i:8239;}s:9:""thumbnail"";a:5:{s:4:""file"";s:14:""38-150x150.png"";s:5:""width"";i:150;s:6:""height"";i:150;s:9:""mime-type"";s:9:""image/png"";s:8:""filesize"";i:3153;}s:21:""woocommerce_thumbnail"";a:6:{s:4:""file"";s:14:""38-300x300.png"";s:5:""width"";i:300;s:6:""height"";i:300;s:9:""mime-type"";s:9:""image/png"";s:8:""filesize"";i:8239;s:9:""uncropped"";b:0;}s:29:""woocommerce_gallery_thumbnail"";a:5:{s:4:""file"";s:14:""38-100x100.png"";s:5:""width"";i:100;s:6:""height"";i:100;s:9:""mime-type"";s:9:""image/png"";s:8:""filesize"";i:1760;}}s:10:""image_meta"";a:12:{s:8:""aperture"";s:1:""0"";s:6:""credit"";s:0:"""";s:6:""camera"";s:0:"""";s:7:""caption"";s:0:"""";s:17:""created_timestamp"";s:1:""0"";s:9:""copyright"";s:0:"""";s:12:""focal_length"";s:1:""0"";s:3:""iso"";s:1:""0"";s:13:""shutter_speed"";s:1:""0"";s:5:""title"";s:0:"""";s:11:""orientation"";s:1:""0"";s:8:""keywords"";a:0:{}}}"
487,91,_edit_last,1
488,91,_edit_lock,1715069459:1
489,91,_thumbnail_id,92
490,91,total_sales,0
491,91,_tax_status,taxable
492,91,_tax_class,
493,91,_manage_stock,no
494,91,_backorders,no
495,91,_sold_individually,no
496,91,_virtual,no
497,91,_downloadable,no
498,91,_download_limit,-1
499,91,_download_expiry,-1
500,91,_stock,
501,91,_stock_status,instock
502,91,_wc_average_rating,0
503,91,_wc_review_count,0
504,91,_product_version,8.8.2
505,93,_edit_last,1
506,93,_edit_lock,1715091753:1
507,94,_wp_attached_file,2024/05/42.png
508,94,_wp_attachment_metadata,"a:6:{s:5:""width"";i:500;s:6:""height"";i:500;s:4:""file"";s:14:""2024/05/42.png"";s:8:""filesize"";i:16691;s:5:""sizes"";a:5:{s:6:""medium"";a:5:{s:4:""file"";s:14:""42-300x300.png"";s:5:""width"";i:300;s:6:""height"";i:300;s:9:""mime-type"";s:9:""image/png"";s:8:""filesize"";i:9249;}s:9:""thumbnail"";a:5:{s:4:""file"";s:14:""42-150x150.png"";s:5:""width"";i:150;s:6:""height"";i:150;s:9:""mime-type"";s:9:""image/png"";s:8:""filesize"";i:3629;}s:21:""woocommerce_thumbnail"";a:6:{s:4:""file"";s:14:""42-300x300.png"";s:5:""width"";i:300;s:6:""height"";i:300;s:9:""mime-type"";s:9:""image/png"";s:8:""filesize"";i:9249;s:9:""uncropped"";b:0;}s:29:""woocommerce_gallery_thumbnail"";a:5:{s:4:""file"";s:14:""42-100x100.png"";s:5:""width"";i:100;s:6:""height"";i:100;s:9:""mime-type"";s:9:""image/png"";s:8:""filesize"";i:2107;}s:29:""woocommerce_thumbnail_preview"";a:5:{s:4:""file"";s:14:""42-300x225.png"";s:5:""width"";i:300;s:6:""height"";i:225;s:9:""mime-type"";s:9:""image/png"";s:8:""filesize"";i:9125;}}s:10:""image_meta"";a:12:{s:8:""aperture"";s:1:""0"";s:6:""credit"";s:0:"""";s:6:""camera"";s:0:"""";s:7:""caption"";s:0:"""";s:17:""created_timestamp"";s:1:""0"";s:9:""copyright"";s:0:"""";s:12:""focal_length"";s:1:""0"";s:3:""iso"";s:1:""0"";s:13:""shutter_speed"";s:1:""0"";s:5:""title"";s:0:"""";s:11:""orientation"";s:1:""0"";s:8:""keywords"";a:0:{}}}"
509,93,_thumbnail_id,94
510,93,total_sales,0
511,93,_tax_status,taxable
512,93,_tax_class,
513,93,_manage_stock,no
514,93,_backorders,no
515,93,_sold_individually,no
516,93,_virtual,no
517,93,_downloadable,no
518,93,_download_limit,-1
519,93,_download_expiry,-1
520,93,_stock,
521,93,_stock_status,instock
522,93,_wc_average_rating,0
523,93,_wc_review_count,0
524,93,_product_version,8.8.2
525,91,_regular_price,119
526,91,_price,119
527,93,_regular_price,149
528,93,_price,149
529,95,_edit_last,1
530,95,_edit_lock,1715073753:1
531,96,_wp_attached_file,2024/05/11.png
532,96,_wp_attachment_metadata,"a:6:{s:5:""width"";i:500;s:6:""height"";i:500;s:4:""file"";s:14:""2024/05/11.png"";s:8:""filesize"";i:33780;s:5:""sizes"";a:4:{s:6:""medium"";a:5:{s:4:""file"";s:14:""11-300x300.png"";s:5:""width"";i:300;s:6:""height"";i:300;s:9:""mime-type"";s:9:""image/png"";s:8:""filesize"";i:19583;}s:9:""thumbnail"";a:5:{s:4:""file"";s:14:""11-150x150.png"";s:5:""width"";i:150;s:6:""height"";i:150;s:9:""mime-type"";s:9:""image/png"";s:8:""filesize"";i:6862;}s:21:""woocommerce_thumbnail"";a:6:{s:4:""file"";s:14:""11-300x300.png"";s:5:""width"";i:300;s:6:""height"";i:300;s:9:""mime-type"";s:9:""image/png"";s:8:""filesize"";i:19583;s:9:""uncropped"";b:0;}s:29:""woocommerce_gallery_thumbnail"";a:5:{s:4:""file"";s:14:""11-100x100.png"";s:5:""width"";i:100;s:6:""height"";i:100;s:9:""mime-type"";s:9:""image/png"";s:8:""filesize"";i:3587;}}s:10:""image_meta"";a:12:{s:8:""aperture"";s:1:""0"";s:6:""credit"";s:0:"""";s:6:""camera"";s:0:"""";s:7:""caption"";s:0:"""";s:17:""created_timestamp"";s:1:""0"";s:9:""copyright"";s:0:"""";s:12:""focal_length"";s:1:""0"";s:3:""iso"";s:1:""0"";s:13:""shutter_speed"";s:1:""0"";s:5:""title"";s:0:"""";s:11:""orientation"";s:1:""0"";s:8:""keywords"";a:0:{}}}"
533,95,_thumbnail_id,96
534,95,_regular_price,22
535,95,total_sales,0
536,95,_tax_status,taxable
537,95,_tax_class,
538,95,_manage_stock,no
539,95,_backorders,no
540,95,_sold_individually,no
541,95,_virtual,no
542,95,_downloadable,no
543,95,_download_limit,-1
544,95,_download_expiry,-1
545,95,_stock,
546,95,_stock_status,instock
547,95,_wc_average_rating,0
548,95,_wc_review_count,0
549,95,_product_version,8.8.2
550,95,_price,22
551,97,_edit_last,1
552,97,_edit_lock,1715074005:1
553,97,total_sales,0
554,97,_tax_status,taxable
555,97,_tax_class,
556,97,_manage_stock,no
557,97,_backorders,no
558,97,_sold_individually,no
559,97,_virtual,no
560,97,_downloadable,no
561,97,_download_limit,-1
562,97,_download_expiry,-1
563,97,_stock,
564,97,_stock_status,instock
565,97,_wc_average_rating,0
566,97,_wc_review_count,0
567,97,_product_attributes,"a:1:{s:7:""storlek"";a:6:{s:4:""name"";s:7:""Storlek"";s:5:""value"";s:18:""2 kg | 4 kg | 8 kg"";s:8:""position"";i:0;s:10:""is_visible"";i:1;s:12:""is_variation"";i:1;s:11:""is_taxonomy"";i:0;}}"
568,97,_product_version,8.8.2
569,98,_wp_attached_file,2024/05/12.png
570,98,_wp_attachment_metadata,"a:6:{s:5:""width"";i:500;s:6:""height"";i:500;s:4:""file"";s:14:""2024/05/12.png"";s:8:""filesize"";i:57742;s:5:""sizes"";a:4:{s:6:""medium"";a:5:{s:4:""file"";s:14:""12-300x300.png"";s:5:""width"";i:300;s:6:""height"";i:300;s:9:""mime-type"";s:9:""image/png"";s:8:""filesize"";i:30198;}s:9:""thumbnail"";a:5:{s:4:""file"";s:14:""12-150x150.png"";s:5:""width"";i:150;s:6:""height"";i:150;s:9:""mime-type"";s:9:""image/png"";s:8:""filesize"";i:12244;}s:21:""woocommerce_thumbnail"";a:6:{s:4:""file"";s:14:""12-300x300.png"";s:5:""width"";i:300;s:6:""height"";i:300;s:9:""mime-type"";s:9:""image/png"";s:8:""filesize"";i:30198;s:9:""uncropped"";b:0;}s:29:""woocommerce_gallery_thumbnail"";a:5:{s:4:""file"";s:14:""12-100x100.png"";s:5:""width"";i:100;s:6:""height"";i:100;s:9:""mime-type"";s:9:""image/png"";s:8:""filesize"";i:6984;}}s:10:""image_meta"";a:12:{s:8:""aperture"";s:1:""0"";s:6:""credit"";s:0:"""";s:6:""camera"";s:0:"""";s:7:""caption"";s:0:"""";s:17:""created_timestamp"";s:1:""0"";s:9:""copyright"";s:0:"""";s:12:""focal_length"";s:1:""0"";s:3:""iso"";s:1:""0"";s:13:""shutter_speed"";s:1:""0"";s:5:""title"";s:0:"""";s:11:""orientation"";s:1:""0"";s:8:""keywords"";a:0:{}}}"
571,99,_variation_description,
572,99,total_sales,0
573,99,_tax_status,taxable
574,99,_tax_class,parent
575,99,_manage_stock,no
576,99,_backorders,no
577,99,_sold_individually,no
578,99,_virtual,no
579,99,_downloadable,no
580,99,_download_limit,-1
581,99,_download_expiry,-1
582,99,_stock,
583,99,_stock_status,instock
584,99,_wc_average_rating,0
585,99,_wc_review_count,0
586,99,attribute_storlek,2 kg
587,99,_product_version,8.8.2
588,100,_variation_description,
589,100,total_sales,0
590,100,_tax_status,taxable
591,100,_tax_class,parent
592,100,_manage_stock,no
593,100,_backorders,no
594,100,_sold_individually,no
595,100,_virtual,no
596,100,_downloadable,no
597,100,_download_limit,-1
598,100,_download_expiry,-1
599,100,_stock,
600,100,_stock_status,instock
601,100,_wc_average_rating,0
602,100,_wc_review_count,0
603,100,attribute_storlek,4 kg
604,100,_product_version,8.8.2
605,101,_variation_description,
606,101,total_sales,0
607,101,_tax_status,taxable
608,101,_tax_class,parent
609,101,_manage_stock,no
610,101,_backorders,no
611,101,_sold_individually,no
612,101,_virtual,no
613,101,_downloadable,no
614,101,_download_limit,-1
615,101,_download_expiry,-1
616,101,_stock,
617,101,_stock_status,instock
618,101,_wc_average_rating,0
619,101,_wc_review_count,0
620,101,attribute_storlek,8 kg
621,101,_product_version,8.8.2
622,99,_regular_price,399
623,99,_thumbnail_id,0
624,99,_price,399
625,100,_regular_price,629
626,100,_thumbnail_id,0
627,100,_price,629
628,101,_regular_price,1049
629,101,_thumbnail_id,0
630,101,_price,1049
631,97,_price,399
632,97,_price,629
633,97,_price,1049
634,97,_thumbnail_id,98
635,103,_wp_attached_file,2024/05/13.png
636,103,_wp_attachment_metadata,"a:6:{s:5:""width"";i:500;s:6:""height"";i:500;s:4:""file"";s:14:""2024/05/13.png"";s:8:""filesize"";i:143749;s:5:""sizes"";a:4:{s:6:""medium"";a:5:{s:4:""file"";s:14:""13-300x300.png"";s:5:""width"";i:300;s:6:""height"";i:300;s:9:""mime-type"";s:9:""image/png"";s:8:""filesize"";i:56479;}s:9:""thumbnail"";a:5:{s:4:""file"";s:14:""13-150x150.png"";s:5:""width"";i:150;s:6:""height"";i:150;s:9:""mime-type"";s:9:""image/png"";s:8:""filesize"";i:17242;}s:21:""woocommerce_thumbnail"";a:6:{s:4:""file"";s:14:""13-300x300.png"";s:5:""width"";i:300;s:6:""height"";i:300;s:9:""mime-type"";s:9:""image/png"";s:8:""filesize"";i:56479;s:9:""uncropped"";b:0;}s:29:""woocommerce_gallery_thumbnail"";a:5:{s:4:""file"";s:14:""13-100x100.png"";s:5:""width"";i:100;s:6:""height"";i:100;s:9:""mime-type"";s:9:""image/png"";s:8:""filesize"";i:8647;}}s:10:""image_meta"";a:12:{s:8:""aperture"";s:1:""0"";s:6:""credit"";s:0:"""";s:6:""camera"";s:0:"""";s:7:""caption"";s:0:"""";s:17:""created_timestamp"";s:1:""0"";s:9:""copyright"";s:0:"""";s:12:""focal_length"";s:1:""0"";s:3:""iso"";s:1:""0"";s:13:""shutter_speed"";s:1:""0"";s:5:""title"";s:0:"""";s:11:""orientation"";s:1:""0"";s:8:""keywords"";a:0:{}}}"
637,102,_edit_last,1
638,102,_edit_lock,1715073988:1
639,102,total_sales,0
640,102,_tax_status,taxable
641,102,_tax_class,
642,102,_manage_stock,no
643,102,_backorders,no
644,102,_sold_individually,no
645,102,_virtual,no
646,102,_downloadable,no
647,102,_download_limit,-1
648,102,_download_expiry,-1
649,102,_stock,
650,102,_stock_status,instock
651,102,_wc_average_rating,0
652,102,_wc_review_count,0
653,102,_product_attributes,"a:1:{s:7:""storlek"";a:6:{s:4:""name"";s:7:""Storlek"";s:5:""value"";s:19:""400 g | 2 kg | 6 kg"";s:8:""position"";i:0;s:10:""is_visible"";i:1;s:12:""is_variation"";i:1;s:11:""is_taxonomy"";i:0;}}"
654,102,_product_version,8.8.2
655,104,_variation_description,
656,104,total_sales,0
657,104,_tax_status,taxable
658,104,_tax_class,parent
659,104,_manage_stock,no
660,104,_backorders,no
661,104,_sold_individually,no
662,104,_virtual,no
663,104,_downloadable,no
664,104,_download_limit,-1
665,104,_download_expiry,-1
666,104,_stock,
667,104,_stock_status,instock
668,104,_wc_average_rating,0
669,104,_wc_review_count,0
670,104,attribute_storlek,400 g
671,104,_product_version,8.8.2
672,105,_variation_description,
673,105,total_sales,0
674,105,_tax_status,taxable
675,105,_tax_class,parent
676,105,_manage_stock,no
677,105,_backorders,no
678,105,_sold_individually,no
679,105,_virtual,no
680,105,_downloadable,no
681,105,_download_limit,-1
682,105,_download_expiry,-1
683,105,_stock,
684,105,_stock_status,instock
685,105,_wc_average_rating,0
686,105,_wc_review_count,0
687,105,attribute_storlek,2 kg
688,105,_product_version,8.8.2
689,106,_variation_description,
690,106,total_sales,0
691,106,_tax_status,taxable
692,106,_tax_class,parent
693,106,_manage_stock,no
694,106,_backorders,no
695,106,_sold_individually,no
696,106,_virtual,no
697,106,_downloadable,no
698,106,_download_limit,-1
699,106,_download_expiry,-1
700,106,_stock,
701,106,_stock_status,instock
702,106,_wc_average_rating,0
703,106,_wc_review_count,0
704,106,attribute_storlek,6 kg
705,106,_product_version,8.8.2
706,104,_regular_price,79
707,104,_thumbnail_id,0
708,104,_price,79
709,105,_regular_price,329
710,105,_sale_price,263
711,105,_thumbnail_id,0
712,105,_price,263
713,106,_regular_price,569
714,106,_thumbnail_id,0
715,106,_price,569
716,102,_price,79
717,102,_price,263
718,102,_price,569
719,102,_thumbnail_id,103
720,107,_edit_last,1
721,107,_edit_lock,1715074287:1
722,108,_wp_attached_file,2024/05/14.png
723,108,_wp_attachment_metadata,"a:6:{s:5:""width"";i:500;s:6:""height"";i:500;s:4:""file"";s:14:""2024/05/14.png"";s:8:""filesize"";i:34369;s:5:""sizes"";a:4:{s:6:""medium"";a:5:{s:4:""file"";s:14:""14-300x300.png"";s:5:""width"";i:300;s:6:""height"";i:300;s:9:""mime-type"";s:9:""image/png"";s:8:""filesize"";i:18852;}s:9:""thumbnail"";a:5:{s:4:""file"";s:14:""14-150x150.png"";s:5:""width"";i:150;s:6:""height"";i:150;s:9:""mime-type"";s:9:""image/png"";s:8:""filesize"";i:6629;}s:21:""woocommerce_thumbnail"";a:6:{s:4:""file"";s:14:""14-300x300.png"";s:5:""width"";i:300;s:6:""height"";i:300;s:9:""mime-type"";s:9:""image/png"";s:8:""filesize"";i:18852;s:9:""uncropped"";b:0;}s:29:""woocommerce_gallery_thumbnail"";a:5:{s:4:""file"";s:14:""14-100x100.png"";s:5:""width"";i:100;s:6:""height"";i:100;s:9:""mime-type"";s:9:""image/png"";s:8:""filesize"";i:3503;}}s:10:""image_meta"";a:12:{s:8:""aperture"";s:1:""0"";s:6:""credit"";s:0:"""";s:6:""camera"";s:0:"""";s:7:""caption"";s:0:"""";s:17:""created_timestamp"";s:1:""0"";s:9:""copyright"";s:0:"""";s:12:""focal_length"";s:1:""0"";s:3:""iso"";s:1:""0"";s:13:""shutter_speed"";s:1:""0"";s:5:""title"";s:0:"""";s:11:""orientation"";s:1:""0"";s:8:""keywords"";a:0:{}}}"
724,107,_thumbnail_id,108
725,107,_regular_price,45
726,107,total_sales,0
727,107,_tax_status,taxable
728,107,_tax_class,
729,107,_manage_stock,no
730,107,_backorders,no
731,107,_sold_individually,no
732,107,_virtual,no
733,107,_downloadable,no
734,107,_download_limit,-1
735,107,_download_expiry,-1
736,107,_stock,
737,107,_stock_status,instock
738,107,_wc_average_rating,0
739,107,_wc_review_count,0
740,107,_product_version,8.8.2
741,107,_price,45
742,109,_edit_last,1
743,109,_edit_lock,1715074530:1
744,110,_wp_attached_file,2024/05/15.png
745,110,_wp_attachment_metadata,"a:6:{s:5:""width"";i:500;s:6:""height"";i:500;s:4:""file"";s:14:""2024/05/15.png"";s:8:""filesize"";i:179886;s:5:""sizes"";a:4:{s:6:""medium"";a:5:{s:4:""file"";s:14:""15-300x300.png"";s:5:""width"";i:300;s:6:""height"";i:300;s:9:""mime-type"";s:9:""image/png"";s:8:""filesize"";i:72615;}s:9:""thumbnail"";a:5:{s:4:""file"";s:14:""15-150x150.png"";s:5:""width"";i:150;s:6:""height"";i:150;s:9:""mime-type"";s:9:""image/png"";s:8:""filesize"";i:22660;}s:21:""woocommerce_thumbnail"";a:6:{s:4:""file"";s:14:""15-300x300.png"";s:5:""width"";i:300;s:6:""height"";i:300;s:9:""mime-type"";s:9:""image/png"";s:8:""filesize"";i:72615;s:9:""uncropped"";b:0;}s:29:""woocommerce_gallery_thumbnail"";a:5:{s:4:""file"";s:14:""15-100x100.png"";s:5:""width"";i:100;s:6:""height"";i:100;s:9:""mime-type"";s:9:""image/png"";s:8:""filesize"";i:11553;}}s:10:""image_meta"";a:12:{s:8:""aperture"";s:1:""0"";s:6:""credit"";s:0:"""";s:6:""camera"";s:0:"""";s:7:""caption"";s:0:"""";s:17:""created_timestamp"";s:1:""0"";s:9:""copyright"";s:0:"""";s:12:""focal_length"";s:1:""0"";s:3:""iso"";s:1:""0"";s:13:""shutter_speed"";s:1:""0"";s:5:""title"";s:0:"""";s:11:""orientation"";s:1:""0"";s:8:""keywords"";a:0:{}}}"
746,109,_regular_price,18
747,109,_sale_price,14
748,109,total_sales,0
749,109,_tax_status,taxable
750,109,_tax_class,
751,109,_manage_stock,no
752,109,_backorders,no
753,109,_sold_individually,no
754,109,_virtual,no
755,109,_downloadable,no
756,109,_download_limit,-1
757,109,_download_expiry,-1
758,109,_stock,
759,109,_stock_status,instock
760,109,_wc_average_rating,0
761,109,_wc_review_count,0
762,109,_product_version,8.8.2
763,109,_price,14
764,109,_thumbnail_id,110
765,111,_edit_last,1
766,111,_edit_lock,1715075523:1
767,112,_wp_attached_file,2024/05/26.png
768,112,_wp_attachment_metadata,"a:6:{s:5:""width"";i:500;s:6:""height"";i:500;s:4:""file"";s:14:""2024/05/26.png"";s:8:""filesize"";i:92584;s:5:""sizes"";a:4:{s:6:""medium"";a:5:{s:4:""file"";s:14:""26-300x300.png"";s:5:""width"";i:300;s:6:""height"";i:300;s:9:""mime-type"";s:9:""image/png"";s:8:""filesize"";i:37373;}s:9:""thumbnail"";a:5:{s:4:""file"";s:14:""26-150x150.png"";s:5:""width"";i:150;s:6:""height"";i:150;s:9:""mime-type"";s:9:""image/png"";s:8:""filesize"";i:11686;}s:21:""woocommerce_thumbnail"";a:6:{s:4:""file"";s:14:""26-300x300.png"";s:5:""width"";i:300;s:6:""height"";i:300;s:9:""mime-type"";s:9:""image/png"";s:8:""filesize"";i:37373;s:9:""uncropped"";b:0;}s:29:""woocommerce_gallery_thumbnail"";a:5:{s:4:""file"";s:14:""26-100x100.png"";s:5:""width"";i:100;s:6:""height"";i:100;s:9:""mime-type"";s:9:""image/png"";s:8:""filesize"";i:5749;}}s:10:""image_meta"";a:12:{s:8:""aperture"";s:1:""0"";s:6:""credit"";s:0:"""";s:6:""camera"";s:0:"""";s:7:""caption"";s:0:"""";s:17:""created_timestamp"";s:1:""0"";s:9:""copyright"";s:0:"""";s:12:""focal_length"";s:1:""0"";s:3:""iso"";s:1:""0"";s:13:""shutter_speed"";s:1:""0"";s:5:""title"";s:0:"""";s:11:""orientation"";s:1:""0"";s:8:""keywords"";a:0:{}}}"
769,111,_thumbnail_id,112
770,111,_regular_price,199
771,111,total_sales,0
772,111,_tax_status,taxable
773,111,_tax_class,
774,111,_manage_stock,no
775,111,_backorders,no
776,111,_sold_individually,no
777,111,_virtual,no
778,111,_downloadable,no
779,111,_download_limit,-1
780,111,_download_expiry,-1
781,111,_stock,
782,111,_stock_status,instock
783,111,_wc_average_rating,0
784,111,_wc_review_count,0
785,111,_product_version,8.8.2
786,111,_price,199
787,114,_wp_attached_file,2024/05/32.png
788,114,_wp_attachment_metadata,"a:6:{s:5:""width"";i:500;s:6:""height"";i:500;s:4:""file"";s:14:""2024/05/32.png"";s:8:""filesize"";i:46375;s:5:""sizes"";a:4:{s:6:""medium"";a:5:{s:4:""file"";s:14:""32-300x300.png"";s:5:""width"";i:300;s:6:""height"";i:300;s:9:""mime-type"";s:9:""image/png"";s:8:""filesize"";i:23687;}s:9:""thumbnail"";a:5:{s:4:""file"";s:14:""32-150x150.png"";s:5:""width"";i:150;s:6:""height"";i:150;s:9:""mime-type"";s:9:""image/png"";s:8:""filesize"";i:9188;}s:21:""woocommerce_thumbnail"";a:6:{s:4:""file"";s:14:""32-300x300.png"";s:5:""width"";i:300;s:6:""height"";i:300;s:9:""mime-type"";s:9:""image/png"";s:8:""filesize"";i:23687;s:9:""uncropped"";b:0;}s:29:""woocommerce_gallery_thumbnail"";a:5:{s:4:""file"";s:14:""32-100x100.png"";s:5:""width"";i:100;s:6:""height"";i:100;s:9:""mime-type"";s:9:""image/png"";s:8:""filesize"";i:5122;}}s:10:""image_meta"";a:12:{s:8:""aperture"";s:1:""0"";s:6:""credit"";s:0:"""";s:6:""camera"";s:0:"""";s:7:""caption"";s:0:"""";s:17:""created_timestamp"";s:1:""0"";s:9:""copyright"";s:0:"""";s:12:""focal_length"";s:1:""0"";s:3:""iso"";s:1:""0"";s:13:""shutter_speed"";s:1:""0"";s:5:""title"";s:0:"""";s:11:""orientation"";s:1:""0"";s:8:""keywords"";a:0:{}}}"
789,113,_edit_last,1
790,113,_edit_lock,1715075314:1
791,113,total_sales,0
792,113,_tax_status,taxable
793,113,_tax_class,
794,113,_manage_stock,no
795,113,_backorders,no
796,113,_sold_individually,no
797,113,_virtual,no
798,113,_downloadable,no
799,113,_download_limit,-1
800,113,_download_expiry,-1
801,113,_stock,
802,113,_stock_status,instock
803,113,_wc_average_rating,0
804,113,_wc_review_count,0
805,113,_product_attributes,"a:1:{s:4:""farg"";a:6:{s:4:""name"";s:5:""Färg"";s:5:""value"";s:11:""Brun | Grå"";s:8:""position"";i:0;s:10:""is_visible"";i:1;s:12:""is_variation"";i:0;s:11:""is_taxonomy"";i:0;}}"
806,113,_product_version,8.8.2
807,113,_wp_trash_meta_status,draft
808,113,_wp_trash_meta_time,1715075458
809,113,_wp_desired_post_slug,
810,115,_edit_last,1
811,115,_edit_lock,1715075531:1
812,115,total_sales,0
813,115,_tax_status,taxable
814,115,_tax_class,
815,115,_manage_stock,no
816,115,_backorders,no
817,115,_sold_individually,no
818,115,_virtual,no
819,115,_downloadable,no
820,115,_download_limit,-1
821,115,_download_expiry,-1
822,115,_stock,
823,115,_stock_status,instock
824,115,_wc_average_rating,0
825,115,_wc_review_count,0
826,115,_product_attributes,"a:1:{s:4:""farg"";a:6:{s:4:""name"";s:5:""Färg"";s:5:""value"";s:11:""Brun | Grå"";s:8:""position"";i:0;s:10:""is_visible"";i:1;s:12:""is_variation"";i:1;s:11:""is_taxonomy"";i:0;}}"
827,115,_product_version,8.8.2
828,116,_variation_description,
829,116,total_sales,0
830,116,_tax_status,taxable
831,116,_tax_class,parent
832,116,_manage_stock,no
833,116,_backorders,no
834,116,_sold_individually,no
835,116,_virtual,no
836,116,_downloadable,no
837,116,_download_limit,-1
838,116,_download_expiry,-1
839,116,_stock,
840,116,_stock_status,instock
841,116,_wc_average_rating,0
842,116,_wc_review_count,0
843,116,attribute_farg,Brun
844,116,_product_version,8.8.2
845,117,_variation_description,
846,117,total_sales,0
847,117,_tax_status,taxable
848,117,_tax_class,parent
849,117,_manage_stock,no
850,117,_backorders,no
851,117,_sold_individually,no
852,117,_virtual,no
853,117,_downloadable,no
854,117,_download_limit,-1
855,117,_download_expiry,-1
856,117,_stock,
857,117,_stock_status,instock
858,117,_wc_average_rating,0
859,117,_wc_review_count,0
860,117,attribute_farg,Grå
861,117,_product_version,8.8.2
862,116,_regular_price,1379
863,116,_thumbnail_id,0
864,116,_price,1172
865,117,_regular_price,1379
866,117,_thumbnail_id,0
867,117,_price,1172
869,116,_sale_price,1172
872,117,_sale_price,1172
873,115,_price,1172
874,115,_thumbnail_id,114
875,118,_edit_last,1
876,118,_edit_lock,1715075719:1
877,119,_wp_attached_file,2024/05/30.png
878,119,_wp_attachment_metadata,"a:6:{s:5:""width"";i:500;s:6:""height"";i:500;s:4:""file"";s:14:""2024/05/30.png"";s:8:""filesize"";i:144662;s:5:""sizes"";a:4:{s:6:""medium"";a:5:{s:4:""file"";s:14:""30-300x300.png"";s:5:""width"";i:300;s:6:""height"";i:300;s:9:""mime-type"";s:9:""image/png"";s:8:""filesize"";i:57250;}s:9:""thumbnail"";a:5:{s:4:""file"";s:14:""30-150x150.png"";s:5:""width"";i:150;s:6:""height"";i:150;s:9:""mime-type"";s:9:""image/png"";s:8:""filesize"";i:17259;}s:21:""woocommerce_thumbnail"";a:6:{s:4:""file"";s:14:""30-300x300.png"";s:5:""width"";i:300;s:6:""height"";i:300;s:9:""mime-type"";s:9:""image/png"";s:8:""filesize"";i:57250;s:9:""uncropped"";b:0;}s:29:""woocommerce_gallery_thumbnail"";a:5:{s:4:""file"";s:14:""30-100x100.png"";s:5:""width"";i:100;s:6:""height"";i:100;s:9:""mime-type"";s:9:""image/png"";s:8:""filesize"";i:8467;}}s:10:""image_meta"";a:12:{s:8:""aperture"";s:1:""0"";s:6:""credit"";s:0:"""";s:6:""camera"";s:0:"""";s:7:""caption"";s:0:"""";s:17:""created_timestamp"";s:1:""0"";s:9:""copyright"";s:0:"""";s:12:""focal_length"";s:1:""0"";s:3:""iso"";s:1:""0"";s:13:""shutter_speed"";s:1:""0"";s:5:""title"";s:0:"""";s:11:""orientation"";s:1:""0"";s:8:""keywords"";a:0:{}}}"
879,118,_thumbnail_id,119
880,118,_regular_price,349
881,118,total_sales,0
882,118,_tax_status,taxable
883,118,_tax_class,
884,118,_manage_stock,no
885,118,_backorders,no
886,118,_sold_individually,no
887,118,_virtual,no
888,118,_downloadable,no
889,118,_download_limit,-1
890,118,_download_expiry,-1
891,118,_stock,
892,118,_stock_status,instock
893,118,_wc_average_rating,0
894,118,_wc_review_count,0
895,118,_product_version,8.8.2
896,118,_price,349
897,120,_edit_last,1
898,120,_edit_lock,1715076015:1
899,121,_wp_attached_file,2024/05/74.png
900,121,_wp_attachment_metadata,"a:6:{s:5:""width"";i:500;s:6:""height"";i:500;s:4:""file"";s:14:""2024/05/74.png"";s:8:""filesize"";i:59122;s:5:""sizes"";a:4:{s:6:""medium"";a:5:{s:4:""file"";s:14:""74-300x300.png"";s:5:""width"";i:300;s:6:""height"";i:300;s:9:""mime-type"";s:9:""image/png"";s:8:""filesize"";i:28199;}s:9:""thumbnail"";a:5:{s:4:""file"";s:14:""74-150x150.png"";s:5:""width"";i:150;s:6:""height"";i:150;s:9:""mime-type"";s:9:""image/png"";s:8:""filesize"";i:10915;}s:21:""woocommerce_thumbnail"";a:6:{s:4:""file"";s:14:""74-300x300.png"";s:5:""width"";i:300;s:6:""height"";i:300;s:9:""mime-type"";s:9:""image/png"";s:8:""filesize"";i:28199;s:9:""uncropped"";b:0;}s:29:""woocommerce_gallery_thumbnail"";a:5:{s:4:""file"";s:14:""74-100x100.png"";s:5:""width"";i:100;s:6:""height"";i:100;s:9:""mime-type"";s:9:""image/png"";s:8:""filesize"";i:6265;}}s:10:""image_meta"";a:12:{s:8:""aperture"";s:1:""0"";s:6:""credit"";s:0:"""";s:6:""camera"";s:0:"""";s:7:""caption"";s:0:"""";s:17:""created_timestamp"";s:1:""0"";s:9:""copyright"";s:0:"""";s:12:""focal_length"";s:1:""0"";s:3:""iso"";s:1:""0"";s:13:""shutter_speed"";s:1:""0"";s:5:""title"";s:0:"""";s:11:""orientation"";s:1:""0"";s:8:""keywords"";a:0:{}}}"
901,120,total_sales,0
902,120,_tax_status,taxable
903,120,_tax_class,
904,120,_manage_stock,no
905,120,_backorders,no
906,120,_sold_individually,no
907,120,_virtual,no
908,120,_downloadable,no
909,120,_download_limit,-1
910,120,_download_expiry,-1
911,120,_stock,
912,120,_stock_status,instock
913,120,_wc_average_rating,0
914,120,_wc_review_count,0
916,120,_product_version,8.8.2
955,120,_price,199
956,120,_thumbnail_id,121
957,120,_regular_price,199
958,124,_edit_last,1
959,124,_edit_lock,1715076168:1
960,125,_wp_attached_file,2024/05/75.png
961,125,_wp_attachment_metadata,"a:6:{s:5:""width"";i:500;s:6:""height"";i:500;s:4:""file"";s:14:""2024/05/75.png"";s:8:""filesize"";i:19867;s:5:""sizes"";a:4:{s:6:""medium"";a:5:{s:4:""file"";s:14:""75-300x300.png"";s:5:""width"";i:300;s:6:""height"";i:300;s:9:""mime-type"";s:9:""image/png"";s:8:""filesize"";i:12650;}s:9:""thumbnail"";a:5:{s:4:""file"";s:14:""75-150x150.png"";s:5:""width"";i:150;s:6:""height"";i:150;s:9:""mime-type"";s:9:""image/png"";s:8:""filesize"";i:5005;}s:21:""woocommerce_thumbnail"";a:6:{s:4:""file"";s:14:""75-300x300.png"";s:5:""width"";i:300;s:6:""height"";i:300;s:9:""mime-type"";s:9:""image/png"";s:8:""filesize"";i:12650;s:9:""uncropped"";b:0;}s:29:""woocommerce_gallery_thumbnail"";a:5:{s:4:""file"";s:14:""75-100x100.png"";s:5:""width"";i:100;s:6:""height"";i:100;s:9:""mime-type"";s:9:""image/png"";s:8:""filesize"";i:2900;}}s:10:""image_meta"";a:12:{s:8:""aperture"";s:1:""0"";s:6:""credit"";s:0:"""";s:6:""camera"";s:0:"""";s:7:""caption"";s:0:"""";s:17:""created_timestamp"";s:1:""0"";s:9:""copyright"";s:0:"""";s:12:""focal_length"";s:1:""0"";s:3:""iso"";s:1:""0"";s:13:""shutter_speed"";s:1:""0"";s:5:""title"";s:0:"""";s:11:""orientation"";s:1:""0"";s:8:""keywords"";a:0:{}}}"
962,124,_regular_price,229
963,124,total_sales,0
964,124,_tax_status,taxable
965,124,_tax_class,
966,124,_manage_stock,no
967,124,_backorders,no
968,124,_sold_individually,no
969,124,_virtual,no
970,124,_downloadable,no
971,124,_download_limit,-1
972,124,_download_expiry,-1
973,124,_stock,
974,124,_stock_status,instock
975,124,_wc_average_rating,0
976,124,_wc_review_count,0
977,124,_product_version,8.8.2
978,124,_price,229
979,124,_thumbnail_id,125
980,126,_edit_last,1
981,126,_edit_lock,1715076359:1
982,127,_wp_attached_file,2024/05/28.png
983,127,_wp_attachment_metadata,"a:6:{s:5:""width"";i:500;s:6:""height"";i:500;s:4:""file"";s:14:""2024/05/28.png"";s:8:""filesize"";i:77615;s:5:""sizes"";a:4:{s:6:""medium"";a:5:{s:4:""file"";s:14:""28-300x300.png"";s:5:""width"";i:300;s:6:""height"";i:300;s:9:""mime-type"";s:9:""image/png"";s:8:""filesize"";i:34686;}s:9:""thumbnail"";a:5:{s:4:""file"";s:14:""28-150x150.png"";s:5:""width"";i:150;s:6:""height"";i:150;s:9:""mime-type"";s:9:""image/png"";s:8:""filesize"";i:12200;}s:21:""woocommerce_thumbnail"";a:6:{s:4:""file"";s:14:""28-300x300.png"";s:5:""width"";i:300;s:6:""height"";i:300;s:9:""mime-type"";s:9:""image/png"";s:8:""filesize"";i:34686;s:9:""uncropped"";b:0;}s:29:""woocommerce_gallery_thumbnail"";a:5:{s:4:""file"";s:14:""28-100x100.png"";s:5:""width"";i:100;s:6:""height"";i:100;s:9:""mime-type"";s:9:""image/png"";s:8:""filesize"";i:6559;}}s:10:""image_meta"";a:12:{s:8:""aperture"";s:1:""0"";s:6:""credit"";s:0:"""";s:6:""camera"";s:0:"""";s:7:""caption"";s:0:"""";s:17:""created_timestamp"";s:1:""0"";s:9:""copyright"";s:0:"""";s:12:""focal_length"";s:1:""0"";s:3:""iso"";s:1:""0"";s:13:""shutter_speed"";s:1:""0"";s:5:""title"";s:0:"""";s:11:""orientation"";s:1:""0"";s:8:""keywords"";a:0:{}}}"
984,126,_thumbnail_id,127
985,126,_regular_price,79
986,126,total_sales,0
987,126,_tax_status,taxable
988,126,_tax_class,
989,126,_manage_stock,no
990,126,_backorders,no
991,126,_sold_individually,no
992,126,_virtual,no
993,126,_downloadable,no
994,126,_download_limit,-1
995,126,_download_expiry,-1
996,126,_stock,
997,126,_stock_status,instock
998,126,_wc_average_rating,0
999,126,_wc_review_count,0
1000,126,_product_version,8.8.2
1001,126,_price,79
1002,128,_edit_last,1
1003,128,_edit_lock,1715076492:1
1004,129,_wp_attached_file,2024/05/48.png
1005,129,_wp_attachment_metadata,"a:6:{s:5:""width"";i:500;s:6:""height"";i:500;s:4:""file"";s:14:""2024/05/48.png"";s:8:""filesize"";i:22580;s:5:""sizes"";a:4:{s:6:""medium"";a:5:{s:4:""file"";s:14:""48-300x300.png"";s:5:""width"";i:300;s:6:""height"";i:300;s:9:""mime-type"";s:9:""image/png"";s:8:""filesize"";i:10111;}s:9:""thumbnail"";a:5:{s:4:""file"";s:14:""48-150x150.png"";s:5:""width"";i:150;s:6:""height"";i:150;s:9:""mime-type"";s:9:""image/png"";s:8:""filesize"";i:3502;}s:21:""woocommerce_thumbnail"";a:6:{s:4:""file"";s:14:""48-300x300.png"";s:5:""width"";i:300;s:6:""height"";i:300;s:9:""mime-type"";s:9:""image/png"";s:8:""filesize"";i:10111;s:9:""uncropped"";b:0;}s:29:""woocommerce_gallery_thumbnail"";a:5:{s:4:""file"";s:14:""48-100x100.png"";s:5:""width"";i:100;s:6:""height"";i:100;s:9:""mime-type"";s:9:""image/png"";s:8:""filesize"";i:1947;}}s:10:""image_meta"";a:12:{s:8:""aperture"";s:1:""0"";s:6:""credit"";s:0:"""";s:6:""camera"";s:0:"""";s:7:""caption"";s:0:"""";s:17:""created_timestamp"";s:1:""0"";s:9:""copyright"";s:0:"""";s:12:""focal_length"";s:1:""0"";s:3:""iso"";s:1:""0"";s:13:""shutter_speed"";s:1:""0"";s:5:""title"";s:0:"""";s:11:""orientation"";s:1:""0"";s:8:""keywords"";a:0:{}}}"
1006,128,_thumbnail_id,129
1007,128,_regular_price,89
1008,128,total_sales,0
1009,128,_tax_status,taxable
1010,128,_tax_class,
1011,128,_manage_stock,no
1012,128,_backorders,no
1013,128,_sold_individually,no
1014,128,_virtual,no
1015,128,_downloadable,no
1016,128,_download_limit,-1
1017,128,_download_expiry,-1
1018,128,_stock,
1019,128,_stock_status,instock
1020,128,_wc_average_rating,0
1021,128,_wc_review_count,0
1022,128,_product_version,8.8.2
1023,128,_price,89
1024,130,_edit_last,1
1025,130,_edit_lock,1715091585:1
1026,131,_wp_attached_file,2024/05/37.png
1027,131,_wp_attachment_metadata,"a:6:{s:5:""width"";i:500;s:6:""height"";i:500;s:4:""file"";s:14:""2024/05/37.png"";s:8:""filesize"";i:32774;s:5:""sizes"";a:4:{s:6:""medium"";a:5:{s:4:""file"";s:14:""37-300x300.png"";s:5:""width"";i:300;s:6:""height"";i:300;s:9:""mime-type"";s:9:""image/png"";s:8:""filesize"";i:15699;}s:9:""thumbnail"";a:5:{s:4:""file"";s:14:""37-150x150.png"";s:5:""width"";i:150;s:6:""height"";i:150;s:9:""mime-type"";s:9:""image/png"";s:8:""filesize"";i:6077;}s:21:""woocommerce_thumbnail"";a:6:{s:4:""file"";s:14:""37-300x300.png"";s:5:""width"";i:300;s:6:""height"";i:300;s:9:""mime-type"";s:9:""image/png"";s:8:""filesize"";i:15699;s:9:""uncropped"";b:0;}s:29:""woocommerce_gallery_thumbnail"";a:5:{s:4:""file"";s:14:""37-100x100.png"";s:5:""width"";i:100;s:6:""height"";i:100;s:9:""mime-type"";s:9:""image/png"";s:8:""filesize"";i:3566;}}s:10:""image_meta"";a:12:{s:8:""aperture"";s:1:""0"";s:6:""credit"";s:0:"""";s:6:""camera"";s:0:"""";s:7:""caption"";s:0:"""";s:17:""created_timestamp"";s:1:""0"";s:9:""copyright"";s:0:"""";s:12:""focal_length"";s:1:""0"";s:3:""iso"";s:1:""0"";s:13:""shutter_speed"";s:1:""0"";s:5:""title"";s:0:"""";s:11:""orientation"";s:1:""0"";s:8:""keywords"";a:0:{}}}"
1028,130,_thumbnail_id,131
1029,130,_regular_price,45
1030,130,total_sales,0
1031,130,_tax_status,taxable
1032,130,_tax_class,
1033,130,_manage_stock,no
1034,130,_backorders,no
1035,130,_sold_individually,no
1036,130,_virtual,no
1037,130,_downloadable,no
1038,130,_download_limit,-1
1039,130,_download_expiry,-1
1040,130,_stock,
1041,130,_stock_status,instock
1042,130,_wc_average_rating,0
1043,130,_wc_review_count,0
1044,130,_product_version,8.8.2
1045,130,_price,45
1046,132,_edit_lock,1715092045:1
1047,133,_wp_attached_file,2024/05/42-1.png
1048,133,_wp_attachment_metadata,"a:6:{s:5:""width"";i:500;s:6:""height"";i:500;s:4:""file"";s:16:""2024/05/42-1.png"";s:8:""filesize"";i:16691;s:5:""sizes"";a:4:{s:6:""medium"";a:5:{s:4:""file"";s:16:""42-1-300x300.png"";s:5:""width"";i:300;s:6:""height"";i:300;s:9:""mime-type"";s:9:""image/png"";s:8:""filesize"";i:9249;}s:9:""thumbnail"";a:5:{s:4:""file"";s:16:""42-1-150x150.png"";s:5:""width"";i:150;s:6:""height"";i:150;s:9:""mime-type"";s:9:""image/png"";s:8:""filesize"";i:3629;}s:21:""woocommerce_thumbnail"";a:6:{s:4:""file"";s:16:""42-1-300x300.png"";s:5:""width"";i:300;s:6:""height"";i:300;s:9:""mime-type"";s:9:""image/png"";s:8:""filesize"";i:9249;s:9:""uncropped"";b:0;}s:29:""woocommerce_gallery_thumbnail"";a:5:{s:4:""file"";s:16:""42-1-100x100.png"";s:5:""width"";i:100;s:6:""height"";i:100;s:9:""mime-type"";s:9:""image/png"";s:8:""filesize"";i:2107;}}s:10:""image_meta"";a:12:{s:8:""aperture"";s:1:""0"";s:6:""credit"";s:0:"""";s:6:""camera"";s:0:"""";s:7:""caption"";s:0:"""";s:17:""created_timestamp"";s:1:""0"";s:9:""copyright"";s:0:"""";s:12:""focal_length"";s:1:""0"";s:3:""iso"";s:1:""0"";s:13:""shutter_speed"";s:1:""0"";s:5:""title"";s:0:"""";s:11:""orientation"";s:1:""0"";s:8:""keywords"";a:0:{}}}"
1049,134,_wp_attached_file,2024/05/38-1.png
1050,134,_wp_attachment_metadata,"a:6:{s:5:""width"";i:500;s:6:""height"";i:500;s:4:""file"";s:16:""2024/05/38-1.png"";s:8:""filesize"";i:15572;s:5:""sizes"";a:4:{s:6:""medium"";a:5:{s:4:""file"";s:16:""38-1-300x300.png"";s:5:""width"";i:300;s:6:""height"";i:300;s:9:""mime-type"";s:9:""image/png"";s:8:""filesize"";i:8239;}s:9:""thumbnail"";a:5:{s:4:""file"";s:16:""38-1-150x150.png"";s:5:""width"";i:150;s:6:""height"";i:150;s:9:""mime-type"";s:9:""image/png"";s:8:""filesize"";i:3153;}s:21:""woocommerce_thumbnail"";a:6:{s:4:""file"";s:16:""38-1-300x300.png"";s:5:""width"";i:300;s:6:""height"";i:300;s:9:""mime-type"";s:9:""image/png"";s:8:""filesize"";i:8239;s:9:""uncropped"";b:0;}s:29:""woocommerce_gallery_thumbnail"";a:5:{s:4:""file"";s:16:""38-1-100x100.png"";s:5:""width"";i:100;s:6:""height"";i:100;s:9:""mime-type"";s:9:""image/png"";s:8:""filesize"";i:1760;}}s:10:""image_meta"";a:12:{s:8:""aperture"";s:1:""0"";s:6:""credit"";s:0:"""";s:6:""camera"";s:0:"""";s:7:""caption"";s:0:"""";s:17:""created_timestamp"";s:1:""0"";s:9:""copyright"";s:0:"""";s:12:""focal_length"";s:1:""0"";s:3:""iso"";s:1:""0"";s:13:""shutter_speed"";s:1:""0"";s:5:""title"";s:0:"""";s:11:""orientation"";s:1:""0"";s:8:""keywords"";a:0:{}}}"
1051,135,_wp_attached_file,2024/05/45-1-1.png
1052,135,_wp_attachment_metadata,"a:6:{s:5:""width"";i:500;s:6:""height"";i:500;s:4:""file"";s:18:""2024/05/45-1-1.png"";s:8:""filesize"";i:12823;s:5:""sizes"";a:4:{s:6:""medium"";a:5:{s:4:""file"";s:18:""45-1-1-300x300.png"";s:5:""width"";i:300;s:6:""height"";i:300;s:9:""mime-type"";s:9:""image/png"";s:8:""filesize"";i:7235;}s:9:""thumbnail"";a:5:{s:4:""file"";s:18:""45-1-1-150x150.png"";s:5:""width"";i:150;s:6:""height"";i:150;s:9:""mime-type"";s:9:""image/png"";s:8:""filesize"";i:3022;}s:21:""woocommerce_thumbnail"";a:6:{s:4:""file"";s:18:""45-1-1-300x300.png"";s:5:""width"";i:300;s:6:""height"";i:300;s:9:""mime-type"";s:9:""image/png"";s:8:""filesize"";i:7235;s:9:""uncropped"";b:0;}s:29:""woocommerce_gallery_thumbnail"";a:5:{s:4:""file"";s:18:""45-1-1-100x100.png"";s:5:""width"";i:100;s:6:""height"";i:100;s:9:""mime-type"";s:9:""image/png"";s:8:""filesize"";i:1807;}}s:10:""image_meta"";a:12:{s:8:""aperture"";s:1:""0"";s:6:""credit"";s:0:"""";s:6:""camera"";s:0:"""";s:7:""caption"";s:0:"""";s:17:""created_timestamp"";s:1:""0"";s:9:""copyright"";s:0:"""";s:12:""focal_length"";s:1:""0"";s:3:""iso"";s:1:""0"";s:13:""shutter_speed"";s:1:""0"";s:5:""title"";s:0:"""";s:11:""orientation"";s:1:""0"";s:8:""keywords"";a:0:{}}}"
1053,136,_wp_attached_file,2024/05/3-1-1.png
1054,136,_wp_attachment_metadata,"a:6:{s:5:""width"";i:500;s:6:""height"";i:500;s:4:""file"";s:17:""2024/05/3-1-1.png"";s:8:""filesize"";i:134447;s:5:""sizes"";a:4:{s:6:""medium"";a:5:{s:4:""file"";s:17:""3-1-1-300x300.png"";s:5:""width"";i:300;s:6:""height"";i:300;s:9:""mime-type"";s:9:""image/png"";s:8:""filesize"";i:51425;}s:9:""thumbnail"";a:5:{s:4:""file"";s:17:""3-1-1-150x150.png"";s:5:""width"";i:150;s:6:""height"";i:150;s:9:""mime-type"";s:9:""image/png"";s:8:""filesize"";i:15370;}s:21:""woocommerce_thumbnail"";a:6:{s:4:""file"";s:17:""3-1-1-300x300.png"";s:5:""width"";i:300;s:6:""height"";i:300;s:9:""mime-type"";s:9:""image/png"";s:8:""filesize"";i:51425;s:9:""uncropped"";b:0;}s:29:""woocommerce_gallery_thumbnail"";a:5:{s:4:""file"";s:17:""3-1-1-100x100.png"";s:5:""width"";i:100;s:6:""height"";i:100;s:9:""mime-type"";s:9:""image/png"";s:8:""filesize"";i:7800;}}s:10:""image_meta"";a:12:{s:8:""aperture"";s:1:""0"";s:6:""credit"";s:0:"""";s:6:""camera"";s:0:"""";s:7:""caption"";s:0:"""";s:17:""created_timestamp"";s:1:""0"";s:9:""copyright"";s:0:"""";s:12:""focal_length"";s:1:""0"";s:3:""iso"";s:1:""0"";s:13:""shutter_speed"";s:1:""0"";s:5:""title"";s:0:"""";s:11:""orientation"";s:1:""0"";s:8:""keywords"";a:0:{}}}"
1055,137,_wp_attached_file,2024/05/8-1-1.png
1056,137,_wp_attachment_metadata,"a:6:{s:5:""width"";i:500;s:6:""height"";i:500;s:4:""file"";s:17:""2024/05/8-1-1.png"";s:8:""filesize"";i:19006;s:5:""sizes"";a:4:{s:6:""medium"";a:5:{s:4:""file"";s:17:""8-1-1-300x300.png"";s:5:""width"";i:300;s:6:""height"";i:300;s:9:""mime-type"";s:9:""image/png"";s:8:""filesize"";i:9696;}s:9:""thumbnail"";a:5:{s:4:""file"";s:17:""8-1-1-150x150.png"";s:5:""width"";i:150;s:6:""height"";i:150;s:9:""mime-type"";s:9:""image/png"";s:8:""filesize"";i:3700;}s:21:""woocommerce_thumbnail"";a:6:{s:4:""file"";s:17:""8-1-1-300x300.png"";s:5:""width"";i:300;s:6:""height"";i:300;s:9:""mime-type"";s:9:""image/png"";s:8:""filesize"";i:9696;s:9:""uncropped"";b:0;}s:29:""woocommerce_gallery_thumbnail"";a:5:{s:4:""file"";s:17:""8-1-1-100x100.png"";s:5:""width"";i:100;s:6:""height"";i:100;s:9:""mime-type"";s:9:""image/png"";s:8:""filesize"";i:2112;}}s:10:""image_meta"";a:12:{s:8:""aperture"";s:1:""0"";s:6:""credit"";s:0:"""";s:6:""camera"";s:0:"""";s:7:""caption"";s:0:"""";s:17:""created_timestamp"";s:1:""0"";s:9:""copyright"";s:0:"""";s:12:""focal_length"";s:1:""0"";s:3:""iso"";s:1:""0"";s:13:""shutter_speed"";s:1:""0"";s:5:""title"";s:0:"""";s:11:""orientation"";s:1:""0"";s:8:""keywords"";a:0:{}}}"
1057,138,_wp_attached_file,2024/05/10-1-1.png
1058,138,_wp_attachment_metadata,"a:6:{s:5:""width"";i:500;s:6:""height"";i:500;s:4:""file"";s:18:""2024/05/10-1-1.png"";s:8:""filesize"";i:24520;s:5:""sizes"";a:4:{s:6:""medium"";a:5:{s:4:""file"";s:18:""10-1-1-300x300.png"";s:5:""width"";i:300;s:6:""height"";i:300;s:9:""mime-type"";s:9:""image/png"";s:8:""filesize"";i:13306;}s:9:""thumbnail"";a:5:{s:4:""file"";s:18:""10-1-1-150x150.png"";s:5:""width"";i:150;s:6:""height"";i:150;s:9:""mime-type"";s:9:""image/png"";s:8:""filesize"";i:5076;}s:21:""woocommerce_thumbnail"";a:6:{s:4:""file"";s:18:""10-1-1-300x300.png"";s:5:""width"";i:300;s:6:""height"";i:300;s:9:""mime-type"";s:9:""image/png"";s:8:""filesize"";i:13306;s:9:""uncropped"";b:0;}s:29:""woocommerce_gallery_thumbnail"";a:5:{s:4:""file"";s:18:""10-1-1-100x100.png"";s:5:""width"";i:100;s:6:""height"";i:100;s:9:""mime-type"";s:9:""image/png"";s:8:""filesize"";i:2906;}}s:10:""image_meta"";a:12:{s:8:""aperture"";s:1:""0"";s:6:""credit"";s:0:"""";s:6:""camera"";s:0:"""";s:7:""caption"";s:0:"""";s:17:""created_timestamp"";s:1:""0"";s:9:""copyright"";s:0:"""";s:12:""focal_length"";s:1:""0"";s:3:""iso"";s:1:""0"";s:13:""shutter_speed"";s:1:""0"";s:5:""title"";s:0:"""";s:11:""orientation"";s:1:""0"";s:8:""keywords"";a:0:{}}}"
1059,139,_wp_attached_file,2024/05/9-1-1.png
1060,139,_wp_attachment_metadata,"a:6:{s:5:""width"";i:500;s:6:""height"";i:500;s:4:""file"";s:17:""2024/05/9-1-1.png"";s:8:""filesize"";i:11179;s:5:""sizes"";a:4:{s:6:""medium"";a:5:{s:4:""file"";s:17:""9-1-1-300x300.png"";s:5:""width"";i:300;s:6:""height"";i:300;s:9:""mime-type"";s:9:""image/png"";s:8:""filesize"";i:6180;}s:9:""thumbnail"";a:5:{s:4:""file"";s:17:""9-1-1-150x150.png"";s:5:""width"";i:150;s:6:""height"";i:150;s:9:""mime-type"";s:9:""image/png"";s:8:""filesize"";i:2490;}s:21:""woocommerce_thumbnail"";a:6:{s:4:""file"";s:17:""9-1-1-300x300.png"";s:5:""width"";i:300;s:6:""height"";i:300;s:9:""mime-type"";s:9:""image/png"";s:8:""filesize"";i:6180;s:9:""uncropped"";b:0;}s:29:""woocommerce_gallery_thumbnail"";a:5:{s:4:""file"";s:17:""9-1-1-100x100.png"";s:5:""width"";i:100;s:6:""height"";i:100;s:9:""mime-type"";s:9:""image/png"";s:8:""filesize"";i:1473;}}s:10:""image_meta"";a:12:{s:8:""aperture"";s:1:""0"";s:6:""credit"";s:0:"""";s:6:""camera"";s:0:"""";s:7:""caption"";s:0:"""";s:17:""created_timestamp"";s:1:""0"";s:9:""copyright"";s:0:"""";s:12:""focal_length"";s:1:""0"";s:3:""iso"";s:1:""0"";s:13:""shutter_speed"";s:1:""0"";s:5:""title"";s:0:"""";s:11:""orientation"";s:1:""0"";s:8:""keywords"";a:0:{}}}"
1061,140,_wp_attached_file,2024/05/6-1-1.png
1062,140,_wp_attachment_metadata,"a:6:{s:5:""width"";i:500;s:6:""height"";i:500;s:4:""file"";s:17:""2024/05/6-1-1.png"";s:8:""filesize"";i:23619;s:5:""sizes"";a:4:{s:6:""medium"";a:5:{s:4:""file"";s:17:""6-1-1-300x300.png"";s:5:""width"";i:300;s:6:""height"";i:300;s:9:""mime-type"";s:9:""image/png"";s:8:""filesize"";i:13921;}s:9:""thumbnail"";a:5:{s:4:""file"";s:17:""6-1-1-150x150.png"";s:5:""width"";i:150;s:6:""height"";i:150;s:9:""mime-type"";s:9:""image/png"";s:8:""filesize"";i:5006;}s:21:""woocommerce_thumbnail"";a:6:{s:4:""file"";s:17:""6-1-1-300x300.png"";s:5:""width"";i:300;s:6:""height"";i:300;s:9:""mime-type"";s:9:""image/png"";s:8:""filesize"";i:13921;s:9:""uncropped"";b:0;}s:29:""woocommerce_gallery_thumbnail"";a:5:{s:4:""file"";s:17:""6-1-1-100x100.png"";s:5:""width"";i:100;s:6:""height"";i:100;s:9:""mime-type"";s:9:""image/png"";s:8:""filesize"";i:2662;}}s:10:""image_meta"";a:12:{s:8:""aperture"";s:1:""0"";s:6:""credit"";s:0:"""";s:6:""camera"";s:0:"""";s:7:""caption"";s:0:"""";s:17:""created_timestamp"";s:1:""0"";s:9:""copyright"";s:0:"""";s:12:""focal_length"";s:1:""0"";s:3:""iso"";s:1:""0"";s:13:""shutter_speed"";s:1:""0"";s:5:""title"";s:0:"""";s:11:""orientation"";s:1:""0"";s:8:""keywords"";a:0:{}}}"
1063,141,_wp_attached_file,2024/05/5-1-1.png
1064,141,_wp_attachment_metadata,"a:6:{s:5:""width"";i:500;s:6:""height"";i:500;s:4:""file"";s:17:""2024/05/5-1-1.png"";s:8:""filesize"";i:17224;s:5:""sizes"";a:4:{s:6:""medium"";a:5:{s:4:""file"";s:17:""5-1-1-300x300.png"";s:5:""width"";i:300;s:6:""height"";i:300;s:9:""mime-type"";s:9:""image/png"";s:8:""filesize"";i:9707;}s:9:""thumbnail"";a:5:{s:4:""file"";s:17:""5-1-1-150x150.png"";s:5:""width"";i:150;s:6:""height"";i:150;s:9:""mime-type"";s:9:""image/png"";s:8:""filesize"";i:4215;}s:21:""woocommerce_thumbnail"";a:6:{s:4:""file"";s:17:""5-1-1-300x300.png"";s:5:""width"";i:300;s:6:""height"";i:300;s:9:""mime-type"";s:9:""image/png"";s:8:""filesize"";i:9707;s:9:""uncropped"";b:0;}s:29:""woocommerce_gallery_thumbnail"";a:5:{s:4:""file"";s:17:""5-1-1-100x100.png"";s:5:""width"";i:100;s:6:""height"";i:100;s:9:""mime-type"";s:9:""image/png"";s:8:""filesize"";i:2325;}}s:10:""image_meta"";a:12:{s:8:""aperture"";s:1:""0"";s:6:""credit"";s:0:"""";s:6:""camera"";s:0:"""";s:7:""caption"";s:0:"""";s:17:""created_timestamp"";s:1:""0"";s:9:""copyright"";s:0:"""";s:12:""focal_length"";s:1:""0"";s:3:""iso"";s:1:""0"";s:13:""shutter_speed"";s:1:""0"";s:5:""title"";s:0:"""";s:11:""orientation"";s:1:""0"";s:8:""keywords"";a:0:{}}}"
1065,142,_wp_attached_file,2024/05/1-1-1.png
1066,142,_wp_attachment_metadata,"a:6:{s:5:""width"";i:500;s:6:""height"";i:500;s:4:""file"";s:17:""2024/05/1-1-1.png"";s:8:""filesize"";i:28723;s:5:""sizes"";a:4:{s:6:""medium"";a:5:{s:4:""file"";s:17:""1-1-1-300x300.png"";s:5:""width"";i:300;s:6:""height"";i:300;s:9:""mime-type"";s:9:""image/png"";s:8:""filesize"";i:15393;}s:9:""thumbnail"";a:5:{s:4:""file"";s:17:""1-1-1-150x150.png"";s:5:""width"";i:150;s:6:""height"";i:150;s:9:""mime-type"";s:9:""image/png"";s:8:""filesize"";i:5632;}s:21:""woocommerce_thumbnail"";a:6:{s:4:""file"";s:17:""1-1-1-300x300.png"";s:5:""width"";i:300;s:6:""height"";i:300;s:9:""mime-type"";s:9:""image/png"";s:8:""filesize"";i:15393;s:9:""uncropped"";b:0;}s:29:""woocommerce_gallery_thumbnail"";a:5:{s:4:""file"";s:17:""1-1-1-100x100.png"";s:5:""width"";i:100;s:6:""height"";i:100;s:9:""mime-type"";s:9:""image/png"";s:8:""filesize"";i:3098;}}s:10:""image_meta"";a:12:{s:8:""aperture"";s:1:""0"";s:6:""credit"";s:0:"""";s:6:""camera"";s:0:"""";s:7:""caption"";s:0:"""";s:17:""created_timestamp"";s:1:""0"";s:9:""copyright"";s:0:"""";s:12:""focal_length"";s:1:""0"";s:3:""iso"";s:1:""0"";s:13:""shutter_speed"";s:1:""0"";s:5:""title"";s:0:"""";s:11:""orientation"";s:1:""0"";s:8:""keywords"";a:0:{}}}"
1067,145,_wp_attached_file,2024/05/1-1.png
1068,145,_wp_attachment_metadata,"a:6:{s:5:""width"";i:500;s:6:""height"";i:500;s:4:""file"";s:15:""2024/05/1-1.png"";s:8:""filesize"";i:18690;s:5:""sizes"";a:4:{s:6:""medium"";a:5:{s:4:""file"";s:15:""1-1-300x300.png"";s:5:""width"";i:300;s:6:""height"";i:300;s:9:""mime-type"";s:9:""image/png"";s:8:""filesize"";i:11955;}s:9:""thumbnail"";a:5:{s:4:""file"";s:15:""1-1-150x150.png"";s:5:""width"";i:150;s:6:""height"";i:150;s:9:""mime-type"";s:9:""image/png"";s:8:""filesize"";i:5117;}s:21:""woocommerce_thumbnail"";a:6:{s:4:""file"";s:15:""1-1-300x300.png"";s:5:""width"";i:300;s:6:""height"";i:300;s:9:""mime-type"";s:9:""image/png"";s:8:""filesize"";i:11955;s:9:""uncropped"";b:0;}s:29:""woocommerce_gallery_thumbnail"";a:5:{s:4:""file"";s:15:""1-1-100x100.png"";s:5:""width"";i:100;s:6:""height"";i:100;s:9:""mime-type"";s:9:""image/png"";s:8:""filesize"";i:3020;}}s:10:""image_meta"";a:12:{s:8:""aperture"";s:1:""0"";s:6:""credit"";s:0:"""";s:6:""camera"";s:0:"""";s:7:""caption"";s:0:"""";s:17:""created_timestamp"";s:1:""0"";s:9:""copyright"";s:0:"""";s:12:""focal_length"";s:1:""0"";s:3:""iso"";s:1:""0"";s:13:""shutter_speed"";s:1:""0"";s:5:""title"";s:0:"""";s:11:""orientation"";s:1:""0"";s:8:""keywords"";a:0:{}}}"
1069,146,_wp_attached_file,2024/05/21-1.png
1070,146,_wp_attachment_metadata,"a:6:{s:5:""width"";i:500;s:6:""height"";i:500;s:4:""file"";s:16:""2024/05/21-1.png"";s:8:""filesize"";i:7666;s:5:""sizes"";a:4:{s:6:""medium"";a:5:{s:4:""file"";s:16:""21-1-300x300.png"";s:5:""width"";i:300;s:6:""height"";i:300;s:9:""mime-type"";s:9:""image/png"";s:8:""filesize"";i:4131;}s:9:""thumbnail"";a:5:{s:4:""file"";s:16:""21-1-150x150.png"";s:5:""width"";i:150;s:6:""height"";i:150;s:9:""mime-type"";s:9:""image/png"";s:8:""filesize"";i:1987;}s:21:""woocommerce_thumbnail"";a:6:{s:4:""file"";s:16:""21-1-300x300.png"";s:5:""width"";i:300;s:6:""height"";i:300;s:9:""mime-type"";s:9:""image/png"";s:8:""filesize"";i:4131;s:9:""uncropped"";b:0;}s:29:""woocommerce_gallery_thumbnail"";a:5:{s:4:""file"";s:16:""21-1-100x100.png"";s:5:""width"";i:100;s:6:""height"";i:100;s:9:""mime-type"";s:9:""image/png"";s:8:""filesize"";i:1296;}}s:10:""image_meta"";a:12:{s:8:""aperture"";s:1:""0"";s:6:""credit"";s:0:"""";s:6:""camera"";s:0:"""";s:7:""caption"";s:0:"""";s:17:""created_timestamp"";s:1:""0"";s:9:""copyright"";s:0:"""";s:12:""focal_length"";s:1:""0"";s:3:""iso"";s:1:""0"";s:13:""shutter_speed"";s:1:""0"";s:5:""title"";s:0:"""";s:11:""orientation"";s:1:""0"";s:8:""keywords"";a:0:{}}}"
1071,147,_wp_attached_file,2024/05/3-1.png
1072,147,_wp_attachment_metadata,"a:6:{s:5:""width"";i:500;s:6:""height"";i:500;s:4:""file"";s:15:""2024/05/3-1.png"";s:8:""filesize"";i:93214;s:5:""sizes"";a:4:{s:6:""medium"";a:5:{s:4:""file"";s:15:""3-1-300x300.png"";s:5:""width"";i:300;s:6:""height"";i:300;s:9:""mime-type"";s:9:""image/png"";s:8:""filesize"";i:36569;}s:9:""thumbnail"";a:5:{s:4:""file"";s:15:""3-1-150x150.png"";s:5:""width"";i:150;s:6:""height"";i:150;s:9:""mime-type"";s:9:""image/png"";s:8:""filesize"";i:12504;}s:21:""woocommerce_thumbnail"";a:6:{s:4:""file"";s:15:""3-1-300x300.png"";s:5:""width"";i:300;s:6:""height"";i:300;s:9:""mime-type"";s:9:""image/png"";s:8:""filesize"";i:36569;s:9:""uncropped"";b:0;}s:29:""woocommerce_gallery_thumbnail"";a:5:{s:4:""file"";s:15:""3-1-100x100.png"";s:5:""width"";i:100;s:6:""height"";i:100;s:9:""mime-type"";s:9:""image/png"";s:8:""filesize"";i:6387;}}s:10:""image_meta"";a:12:{s:8:""aperture"";s:1:""0"";s:6:""credit"";s:0:"""";s:6:""camera"";s:0:"""";s:7:""caption"";s:0:"""";s:17:""created_timestamp"";s:1:""0"";s:9:""copyright"";s:0:"""";s:12:""focal_length"";s:1:""0"";s:3:""iso"";s:1:""0"";s:13:""shutter_speed"";s:1:""0"";s:5:""title"";s:0:"""";s:11:""orientation"";s:1:""0"";s:8:""keywords"";a:0:{}}}"
1073,148,_wp_attached_file,2024/05/51-1.png
1074,148,_wp_attachment_metadata,"a:6:{s:5:""width"";i:500;s:6:""height"";i:500;s:4:""file"";s:16:""2024/05/51-1.png"";s:8:""filesize"";i:28765;s:5:""sizes"";a:4:{s:6:""medium"";a:5:{s:4:""file"";s:16:""51-1-300x300.png"";s:5:""width"";i:300;s:6:""height"";i:300;s:9:""mime-type"";s:9:""image/png"";s:8:""filesize"";i:17285;}s:9:""thumbnail"";a:5:{s:4:""file"";s:16:""51-1-150x150.png"";s:5:""width"";i:150;s:6:""height"";i:150;s:9:""mime-type"";s:9:""image/png"";s:8:""filesize"";i:6544;}s:21:""woocommerce_thumbnail"";a:6:{s:4:""file"";s:16:""51-1-300x300.png"";s:5:""width"";i:300;s:6:""height"";i:300;s:9:""mime-type"";s:9:""image/png"";s:8:""filesize"";i:17285;s:9:""uncropped"";b:0;}s:29:""woocommerce_gallery_thumbnail"";a:5:{s:4:""file"";s:16:""51-1-100x100.png"";s:5:""width"";i:100;s:6:""height"";i:100;s:9:""mime-type"";s:9:""image/png"";s:8:""filesize"";i:3560;}}s:10:""image_meta"";a:12:{s:8:""aperture"";s:1:""0"";s:6:""credit"";s:0:"""";s:6:""camera"";s:0:"""";s:7:""caption"";s:0:"""";s:17:""created_timestamp"";s:1:""0"";s:9:""copyright"";s:0:"""";s:12:""focal_length"";s:1:""0"";s:3:""iso"";s:1:""0"";s:13:""shutter_speed"";s:1:""0"";s:5:""title"";s:0:"""";s:11:""orientation"";s:1:""0"";s:8:""keywords"";a:0:{}}}"
1075,149,_wp_attached_file,2024/05/6-1.png
1076,149,_wp_attachment_metadata,"a:6:{s:5:""width"";i:500;s:6:""height"";i:500;s:4:""file"";s:15:""2024/05/6-1.png"";s:8:""filesize"";i:12333;s:5:""sizes"";a:4:{s:6:""medium"";a:5:{s:4:""file"";s:15:""6-1-300x300.png"";s:5:""width"";i:300;s:6:""height"";i:300;s:9:""mime-type"";s:9:""image/png"";s:8:""filesize"";i:7314;}s:9:""thumbnail"";a:5:{s:4:""file"";s:15:""6-1-150x150.png"";s:5:""width"";i:150;s:6:""height"";i:150;s:9:""mime-type"";s:9:""image/png"";s:8:""filesize"";i:3023;}s:21:""woocommerce_thumbnail"";a:6:{s:4:""file"";s:15:""6-1-300x300.png"";s:5:""width"";i:300;s:6:""height"";i:300;s:9:""mime-type"";s:9:""image/png"";s:8:""filesize"";i:7314;s:9:""uncropped"";b:0;}s:29:""woocommerce_gallery_thumbnail"";a:5:{s:4:""file"";s:15:""6-1-100x100.png"";s:5:""width"";i:100;s:6:""height"";i:100;s:9:""mime-type"";s:9:""image/png"";s:8:""filesize"";i:1728;}}s:10:""image_meta"";a:12:{s:8:""aperture"";s:1:""0"";s:6:""credit"";s:0:"""";s:6:""camera"";s:0:"""";s:7:""caption"";s:0:"""";s:17:""created_timestamp"";s:1:""0"";s:9:""copyright"";s:0:"""";s:12:""focal_length"";s:1:""0"";s:3:""iso"";s:1:""0"";s:13:""shutter_speed"";s:1:""0"";s:5:""title"";s:0:"""";s:11:""orientation"";s:1:""0"";s:8:""keywords"";a:0:{}}}"
1077,150,_wp_attached_file,2024/05/41-1.png
1078,150,_wp_attachment_metadata,"a:6:{s:5:""width"";i:500;s:6:""height"";i:500;s:4:""file"";s:16:""2024/05/41-1.png"";s:8:""filesize"";i:19137;s:5:""sizes"";a:4:{s:6:""medium"";a:5:{s:4:""file"";s:16:""41-1-300x300.png"";s:5:""width"";i:300;s:6:""height"";i:300;s:9:""mime-type"";s:9:""image/png"";s:8:""filesize"";i:13115;}s:9:""thumbnail"";a:5:{s:4:""file"";s:16:""41-1-150x150.png"";s:5:""width"";i:150;s:6:""height"";i:150;s:9:""mime-type"";s:9:""image/png"";s:8:""filesize"";i:5659;}s:21:""woocommerce_thumbnail"";a:6:{s:4:""file"";s:16:""41-1-300x300.png"";s:5:""width"";i:300;s:6:""height"";i:300;s:9:""mime-type"";s:9:""image/png"";s:8:""filesize"";i:13115;s:9:""uncropped"";b:0;}s:29:""woocommerce_gallery_thumbnail"";a:5:{s:4:""file"";s:16:""41-1-100x100.png"";s:5:""width"";i:100;s:6:""height"";i:100;s:9:""mime-type"";s:9:""image/png"";s:8:""filesize"";i:3305;}}s:10:""image_meta"";a:12:{s:8:""aperture"";s:1:""0"";s:6:""credit"";s:0:"""";s:6:""camera"";s:0:"""";s:7:""caption"";s:0:"""";s:17:""created_timestamp"";s:1:""0"";s:9:""copyright"";s:0:"""";s:12:""focal_length"";s:1:""0"";s:3:""iso"";s:1:""0"";s:13:""shutter_speed"";s:1:""0"";s:5:""title"";s:0:"""";s:11:""orientation"";s:1:""0"";s:8:""keywords"";a:0:{}}}"
1079,151,_wp_attached_file,2024/05/7-1.png
1080,151,_wp_attachment_metadata,"a:6:{s:5:""width"";i:500;s:6:""height"";i:500;s:4:""file"";s:15:""2024/05/7-1.png"";s:8:""filesize"";i:90510;s:5:""sizes"";a:4:{s:6:""medium"";a:5:{s:4:""file"";s:15:""7-1-300x300.png"";s:5:""width"";i:300;s:6:""height"";i:300;s:9:""mime-type"";s:9:""image/png"";s:8:""filesize"";i:33774;}s:9:""thumbnail"";a:5:{s:4:""file"";s:15:""7-1-150x150.png"";s:5:""width"";i:150;s:6:""height"";i:150;s:9:""mime-type"";s:9:""image/png"";s:8:""filesize"";i:10451;}s:21:""woocommerce_thumbnail"";a:6:{s:4:""file"";s:15:""7-1-300x300.png"";s:5:""width"";i:300;s:6:""height"";i:300;s:9:""mime-type"";s:9:""image/png"";s:8:""filesize"";i:33774;s:9:""uncropped"";b:0;}s:29:""woocommerce_gallery_thumbnail"";a:5:{s:4:""file"";s:15:""7-1-100x100.png"";s:5:""width"";i:100;s:6:""height"";i:100;s:9:""mime-type"";s:9:""image/png"";s:8:""filesize"";i:5570;}}s:10:""image_meta"";a:12:{s:8:""aperture"";s:1:""0"";s:6:""credit"";s:0:"""";s:6:""camera"";s:0:"""";s:7:""caption"";s:0:"""";s:17:""created_timestamp"";s:1:""0"";s:9:""copyright"";s:0:"""";s:12:""focal_length"";s:1:""0"";s:3:""iso"";s:1:""0"";s:13:""shutter_speed"";s:1:""0"";s:5:""title"";s:0:"""";s:11:""orientation"";s:1:""0"";s:8:""keywords"";a:0:{}}}"
1081,152,_wp_attached_file,2024/05/8-1.png
1082,152,_wp_attachment_metadata,"a:6:{s:5:""width"";i:500;s:6:""height"";i:500;s:4:""file"";s:15:""2024/05/8-1.png"";s:8:""filesize"";i:8749;s:5:""sizes"";a:4:{s:6:""medium"";a:5:{s:4:""file"";s:15:""8-1-300x300.png"";s:5:""width"";i:300;s:6:""height"";i:300;s:9:""mime-type"";s:9:""image/png"";s:8:""filesize"";i:5561;}s:9:""thumbnail"";a:5:{s:4:""file"";s:15:""8-1-150x150.png"";s:5:""width"";i:150;s:6:""height"";i:150;s:9:""mime-type"";s:9:""image/png"";s:8:""filesize"";i:2676;}s:21:""woocommerce_thumbnail"";a:6:{s:4:""file"";s:15:""8-1-300x300.png"";s:5:""width"";i:300;s:6:""height"";i:300;s:9:""mime-type"";s:9:""image/png"";s:8:""filesize"";i:5561;s:9:""uncropped"";b:0;}s:29:""woocommerce_gallery_thumbnail"";a:5:{s:4:""file"";s:15:""8-1-100x100.png"";s:5:""width"";i:100;s:6:""height"";i:100;s:9:""mime-type"";s:9:""image/png"";s:8:""filesize"";i:1699;}}s:10:""image_meta"";a:12:{s:8:""aperture"";s:1:""0"";s:6:""credit"";s:0:"""";s:6:""camera"";s:0:"""";s:7:""caption"";s:0:"""";s:17:""created_timestamp"";s:1:""0"";s:9:""copyright"";s:0:"""";s:12:""focal_length"";s:1:""0"";s:3:""iso"";s:1:""0"";s:13:""shutter_speed"";s:1:""0"";s:5:""title"";s:0:"""";s:11:""orientation"";s:1:""0"";s:8:""keywords"";a:0:{}}}"
1083,153,_wp_attached_file,2024/05/9-1.png
1084,153,_wp_attachment_metadata,"a:6:{s:5:""width"";i:500;s:6:""height"";i:500;s:4:""file"";s:15:""2024/05/9-1.png"";s:8:""filesize"";i:17582;s:5:""sizes"";a:4:{s:6:""medium"";a:5:{s:4:""file"";s:15:""9-1-300x300.png"";s:5:""width"";i:300;s:6:""height"";i:300;s:9:""mime-type"";s:9:""image/png"";s:8:""filesize"";i:11254;}s:9:""thumbnail"";a:5:{s:4:""file"";s:15:""9-1-150x150.png"";s:5:""width"";i:150;s:6:""height"";i:150;s:9:""mime-type"";s:9:""image/png"";s:8:""filesize"";i:4689;}s:21:""woocommerce_thumbnail"";a:6:{s:4:""file"";s:15:""9-1-300x300.png"";s:5:""width"";i:300;s:6:""height"";i:300;s:9:""mime-type"";s:9:""image/png"";s:8:""filesize"";i:11254;s:9:""uncropped"";b:0;}s:29:""woocommerce_gallery_thumbnail"";a:5:{s:4:""file"";s:15:""9-1-100x100.png"";s:5:""width"";i:100;s:6:""height"";i:100;s:9:""mime-type"";s:9:""image/png"";s:8:""filesize"";i:2699;}}s:10:""image_meta"";a:12:{s:8:""aperture"";s:1:""0"";s:6:""credit"";s:0:"""";s:6:""camera"";s:0:"""";s:7:""caption"";s:0:"""";s:17:""created_timestamp"";s:1:""0"";s:9:""copyright"";s:0:"""";s:12:""focal_length"";s:1:""0"";s:3:""iso"";s:1:""0"";s:13:""shutter_speed"";s:1:""0"";s:5:""title"";s:0:"""";s:11:""orientation"";s:1:""0"";s:8:""keywords"";a:0:{}}}"
1085,154,_wp_attached_file,2024/05/10-1.png
1086,154,_wp_attachment_metadata,"a:6:{s:5:""width"";i:500;s:6:""height"";i:500;s:4:""file"";s:16:""2024/05/10-1.png"";s:8:""filesize"";i:17569;s:5:""sizes"";a:4:{s:6:""medium"";a:5:{s:4:""file"";s:16:""10-1-300x300.png"";s:5:""width"";i:300;s:6:""height"";i:300;s:9:""mime-type"";s:9:""image/png"";s:8:""filesize"";i:12009;}s:9:""thumbnail"";a:5:{s:4:""file"";s:16:""10-1-150x150.png"";s:5:""width"";i:150;s:6:""height"";i:150;s:9:""mime-type"";s:9:""image/png"";s:8:""filesize"";i:4967;}s:21:""woocommerce_thumbnail"";a:6:{s:4:""file"";s:16:""10-1-300x300.png"";s:5:""width"";i:300;s:6:""height"";i:300;s:9:""mime-type"";s:9:""image/png"";s:8:""filesize"";i:12009;s:9:""uncropped"";b:0;}s:29:""woocommerce_gallery_thumbnail"";a:5:{s:4:""file"";s:16:""10-1-100x100.png"";s:5:""width"";i:100;s:6:""height"";i:100;s:9:""mime-type"";s:9:""image/png"";s:8:""filesize"";i:2876;}}s:10:""image_meta"";a:12:{s:8:""aperture"";s:1:""0"";s:6:""credit"";s:0:"""";s:6:""camera"";s:0:"""";s:7:""caption"";s:0:"""";s:17:""created_timestamp"";s:1:""0"";s:9:""copyright"";s:0:"""";s:12:""focal_length"";s:1:""0"";s:3:""iso"";s:1:""0"";s:13:""shutter_speed"";s:1:""0"";s:5:""title"";s:0:"""";s:11:""orientation"";s:1:""0"";s:8:""keywords"";a:0:{}}}"
1087,155,_wp_attached_file,2024/05/161-1.png
1088,155,_wp_attachment_metadata,"a:6:{s:5:""width"";i:500;s:6:""height"";i:500;s:4:""file"";s:17:""2024/05/161-1.png"";s:8:""filesize"";i:163391;s:5:""sizes"";a:4:{s:6:""medium"";a:5:{s:4:""file"";s:17:""161-1-300x300.png"";s:5:""width"";i:300;s:6:""height"";i:300;s:9:""mime-type"";s:9:""image/png"";s:8:""filesize"";i:60754;}s:9:""thumbnail"";a:5:{s:4:""file"";s:17:""161-1-150x150.png"";s:5:""width"";i:150;s:6:""height"";i:150;s:9:""mime-type"";s:9:""image/png"";s:8:""filesize"";i:18237;}s:21:""woocommerce_thumbnail"";a:6:{s:4:""file"";s:17:""161-1-300x300.png"";s:5:""width"";i:300;s:6:""height"";i:300;s:9:""mime-type"";s:9:""image/png"";s:8:""filesize"";i:60754;s:9:""uncropped"";b:0;}s:29:""woocommerce_gallery_thumbnail"";a:5:{s:4:""file"";s:17:""161-1-100x100.png"";s:5:""width"";i:100;s:6:""height"";i:100;s:9:""mime-type"";s:9:""image/png"";s:8:""filesize"";i:9249;}}s:10:""image_meta"";a:12:{s:8:""aperture"";s:1:""0"";s:6:""credit"";s:0:"""";s:6:""camera"";s:0:"""";s:7:""caption"";s:0:"""";s:17:""created_timestamp"";s:1:""0"";s:9:""copyright"";s:0:"""";s:12:""focal_length"";s:1:""0"";s:3:""iso"";s:1:""0"";s:13:""shutter_speed"";s:1:""0"";s:5:""title"";s:0:"""";s:11:""orientation"";s:1:""0"";s:8:""keywords"";a:0:{}}}"
1089,156,_wp_attached_file,2024/05/11-1.png
1090,156,_wp_attachment_metadata,"a:6:{s:5:""width"";i:500;s:6:""height"";i:500;s:4:""file"";s:16:""2024/05/11-1.png"";s:8:""filesize"";i:83106;s:5:""sizes"";a:4:{s:6:""medium"";a:5:{s:4:""file"";s:16:""11-1-300x300.png"";s:5:""width"";i:300;s:6:""height"";i:300;s:9:""mime-type"";s:9:""image/png"";s:8:""filesize"";i:34715;}s:9:""thumbnail"";a:5:{s:4:""file"";s:16:""11-1-150x150.png"";s:5:""width"";i:150;s:6:""height"";i:150;s:9:""mime-type"";s:9:""image/png"";s:8:""filesize"";i:11989;}s:21:""woocommerce_thumbnail"";a:6:{s:4:""file"";s:16:""11-1-300x300.png"";s:5:""width"";i:300;s:6:""height"";i:300;s:9:""mime-type"";s:9:""image/png"";s:8:""filesize"";i:34715;s:9:""uncropped"";b:0;}s:29:""woocommerce_gallery_thumbnail"";a:5:{s:4:""file"";s:16:""11-1-100x100.png"";s:5:""width"";i:100;s:6:""height"";i:100;s:9:""mime-type"";s:9:""image/png"";s:8:""filesize"";i:6551;}}s:10:""image_meta"";a:12:{s:8:""aperture"";s:1:""0"";s:6:""credit"";s:0:"""";s:6:""camera"";s:0:"""";s:7:""caption"";s:0:"""";s:17:""created_timestamp"";s:1:""0"";s:9:""copyright"";s:0:"""";s:12:""focal_length"";s:1:""0"";s:3:""iso"";s:1:""0"";s:13:""shutter_speed"";s:1:""0"";s:5:""title"";s:0:"""";s:11:""orientation"";s:1:""0"";s:8:""keywords"";a:0:{}}}"
1091,144,_edit_last,1
1092,144,_edit_lock,1715229360:1
1093,144,_thumbnail_id,145
1094,144,_regular_price,299
1095,144,_sale_price,239
1096,144,total_sales,0
1097,144,_tax_status,taxable
1098,144,_tax_class,
1099,144,_manage_stock,no
1100,144,_backorders,no
1101,144,_sold_individually,no
1102,144,_virtual,no
1103,144,_downloadable,no
1104,144,_download_limit,-1
1105,144,_download_expiry,-1
1106,144,_stock,
1107,144,_stock_status,instock
1108,144,_wc_average_rating,0
1109,144,_wc_review_count,0
1110,144,_product_version,8.8.2
1111,144,_price,239