ID,post_author,post_date,post_date_gmt,post_content,post_title,post_excerpt,post_status,comment_status,ping_status,post_password,post_name,to_ping,pinged,post_modified,post_modified_gmt,post_content_filtered,post_parent,guid,menu_order,post_type,post_mime_type,comment_count
1,1,2024-04-26 11:51:24,2024-04-26 11:51:24,"<!-- wp:paragraph -->
<p>Welcome to WordPress. This is your first post. Edit or delete it, then start writing!</p>
<!-- /wp:paragraph -->",Hello world!,,publish,open,open,,hello-world,,,2024-04-26 11:51:24,2024-04-26 11:51:24,,0,http://petpalace.test/?p=1,0,post,,1
2,1,2024-04-26 11:51:24,2024-04-26 11:51:24,"<!-- wp:paragraph -->
<p>This is an example page. It's different from a blog post because it will stay in one place and will show up in your site navigation (in most themes). Most people start with an About page that introduces them to potential site visitors. It might say something like this:</p>
<!-- /wp:paragraph -->

<!-- wp:quote -->
<blockquote class=""wp-block-quote""><p>Hi there! I'm a bike messenger by day, aspiring actor by night, and this is my website. I live in Los Angeles, have a great dog named Jack, and I like pi&#241;a coladas. (And gettin' caught in the rain.)</p></blockquote>
<!-- /wp:quote -->

<!-- wp:paragraph -->
<p>...or something like this:</p>
<!-- /wp:paragraph -->

<!-- wp:quote -->
<blockquote class=""wp-block-quote""><p>The XYZ Doohickey Company was founded in 1971, and has been providing quality doohickeys to the public ever since. Located in Gotham City, XYZ employs over 2,000 people and does all kinds of awesome things for the Gotham community.</p></blockquote>
<!-- /wp:quote -->

<!-- wp:paragraph -->
<p>As a new WordPress user, you should go to <a href=""http://petpalace.test/wp-admin/"">your dashboard</a> to delete this page and create new pages for your content. Have fun!</p>
<!-- /wp:paragraph -->",Sample Page,,publish,closed,open,,sample-page,,,2024-04-26 11:51:24,2024-04-26 11:51:24,,0,http://petpalace.test/?page_id=2,0,page,,0
3,1,2024-04-26 11:51:24,2024-04-26 11:51:24,"<!-- wp:heading -->
<h2 class=""wp-block-heading"">Who we are</h2>
<!-- /wp:heading -->
<!-- wp:paragraph -->
<p><strong class=""privacy-policy-tutorial"">Suggested text: </strong>Our website address is: http://petpalace.test.</p>
<!-- /wp:paragraph -->
<!-- wp:heading -->
<h2 class=""wp-block-heading"">Comments</h2>
<!-- /wp:heading -->
<!-- wp:paragraph -->
<p><strong class=""privacy-policy-tutorial"">Suggested text: </strong>When visitors leave comments on the site we collect the data shown in the comments form, and also the visitor&#8217;s IP address and browser user agent string to help spam detection.</p>
<!-- /wp:paragraph -->
<!-- wp:paragraph -->
<p>An anonymized string created from your email address (also called a hash) may be provided to the Gravatar service to see if you are using it. The Gravatar service privacy policy is available here: https://automattic.com/privacy/. After approval of your comment, your profile picture is visible to the public in the context of your comment.</p>
<!-- /wp:paragraph -->
<!-- wp:heading -->
<h2 class=""wp-block-heading"">Media</h2>
<!-- /wp:heading -->
<!-- wp:paragraph -->
<p><strong class=""privacy-policy-tutorial"">Suggested text: </strong>If you upload images to the website, you should avoid uploading images with embedded location data (EXIF GPS) included. Visitors to the website can download and extract any location data from images on the website.</p>
<!-- /wp:paragraph -->
<!-- wp:heading -->
<h2 class=""wp-block-heading"">Cookies</h2>
<!-- /wp:heading -->
<!-- wp:paragraph -->
<p><strong class=""privacy-policy-tutorial"">Suggested text: </strong>If you leave a comment on our site you may opt-in to saving your name, email address and website in cookies. These are for your convenience so that you do not have to fill in your details again when you leave another comment. These cookies will last for one year.</p>
<!-- /wp:paragraph -->
<!-- wp:paragraph -->
<p>If you visit our login page, we will set a temporary cookie to determine if your browser accepts cookies. This cookie contains no personal data and is discarded when you close your browser.</p>
<!-- /wp:paragraph -->
<!-- wp:paragraph -->
<p>When you log in, we will also set up several cookies to save your login information and your screen display choices. Login cookies last for two days, and screen options cookies last for a year. If you select &quot;Remember Me&quot;, your login will persist for two weeks. If you log out of your account, the login cookies will be removed.</p>
<!-- /wp:paragraph -->
<!-- wp:paragraph -->
<p>If you edit or publish an article, an additional cookie will be saved in your browser. This cookie includes no personal data and simply indicates the post ID of the article you just edited. It expires after 1 day.</p>
<!-- /wp:paragraph -->
<!-- wp:heading -->
<h2 class=""wp-block-heading"">Embedded content from other websites</h2>
<!-- /wp:heading -->
<!-- wp:paragraph -->
<p><strong class=""privacy-policy-tutorial"">Suggested text: </strong>Articles on this site may include embedded content (e.g. videos, images, articles, etc.). Embedded content from other websites behaves in the exact same way as if the visitor has visited the other website.</p>
<!-- /wp:paragraph -->
<!-- wp:paragraph -->
<p>These websites may collect data about you, use cookies, embed additional third-party tracking, and monitor your interaction with that embedded content, including tracking your interaction with the embedded content if you have an account and are logged in to that website.</p>
<!-- /wp:paragraph -->
<!-- wp:heading -->
<h2 class=""wp-block-heading"">Who we share your data with</h2>
<!-- /wp:heading -->
<!-- wp:paragraph -->
<p><strong class=""privacy-policy-tutorial"">Suggested text: </strong>If you request a password reset, your IP address will be included in the reset email.</p>
<!-- /wp:paragraph -->
<!-- wp:heading -->
<h2 class=""wp-block-heading"">How long we retain your data</h2>
<!-- /wp:heading -->
<!-- wp:paragraph -->
<p><strong class=""privacy-policy-tutorial"">Suggested text: </strong>If you leave a comment, the comment and its metadata are retained indefinitely. This is so we can recognize and approve any follow-up comments automatically instead of holding them in a moderation queue.</p>
<!-- /wp:paragraph -->
<!-- wp:paragraph -->
<p>For users that register on our website (if any), we also store the personal information they provide in their user profile. All users can see, edit, or delete their personal information at any time (except they cannot change their username). Website administrators can also see and edit that information.</p>
<!-- /wp:paragraph -->
<!-- wp:heading -->
<h2 class=""wp-block-heading"">What rights you have over your data</h2>
<!-- /wp:heading -->
<!-- wp:paragraph -->
<p><strong class=""privacy-policy-tutorial"">Suggested text: </strong>If you have an account on this site, or have left comments, you can request to receive an exported file of the personal data we hold about you, including any data you have provided to us. You can also request that we erase any personal data we hold about you. This does not include any data we are obliged to keep for administrative, legal, or security purposes.</p>
<!-- /wp:paragraph -->
<!-- wp:heading -->
<h2 class=""wp-block-heading"">Where your data is sent</h2>
<!-- /wp:heading -->
<!-- wp:paragraph -->
<p><strong class=""privacy-policy-tutorial"">Suggested text: </strong>Visitor comments may be checked through an automated spam detection service.</p>
<!-- /wp:paragraph -->
",Privacy Policy,,draft,closed,open,,privacy-policy,,,2024-04-26 11:51:24,2024-04-26 11:51:24,,0,http://petpalace.test/?page_id=3,0,page,,0
4,0,2024-04-26 11:51:26,2024-04-26 11:51:26,<!-- wp:page-list /-->,Navigation,,publish,closed,closed,,navigation,,,2024-04-26 11:51:26,2024-04-26 11:51:26,,0,http://petpalace.test/2024/04/26/navigation/,0,wp_navigation,,0
6,1,2024-04-26 11:59:30,2024-04-26 11:59:30,"{""version"": 2, ""isGlobalStylesUserThemeJSON"": true }",Custom Styles,,publish,closed,closed,,wp-global-styles-twentytwentyfour,,,2024-04-26 11:59:30,2024-04-26 11:59:30,,0,http://petpalace.test/2024/04/26/wp-global-styles-twentytwentyfour/,0,wp_global_styles,,0
7,1,2024-04-26 12:26:13,2024-04-26 12:26:13,"{
    ""show_on_front"": {
        ""value"": ""page"",
        ""type"": ""option"",
        ""user_id"": 1,
        ""date_modified_gmt"": ""2024-04-26 12:26:13""
    },
    ""page_on_front"": {
        ""value"": ""2"",
        ""type"": ""option"",
        ""user_id"": 1,
        ""date_modified_gmt"": ""2024-04-26 12:26:13""
    },
    ""page_for_posts"": {
        ""value"": ""0"",
        ""type"": ""option"",
        ""user_id"": 1,
        ""date_modified_gmt"": ""2024-04-26 12:26:13""
    }
}",,,trash,closed,closed,,04b9e59f-bb9c-4569-a01d-cfdd72bd6ac7,,,2024-04-26 12:26:13,2024-04-26 12:26:13,,0,http://petpalace.test/2024/04/26/04b9e59f-bb9c-4569-a01d-cfdd72bd6ac7/,0,customize_changeset,,0
8,1,2024-04-29 10:40:46,2024-04-29 10:40:46,,woocommerce-placeholder,,inherit,open,closed,,woocommerce-placeholder,,,2024-04-29 10:40:46,2024-04-29 10:40:46,,0,http://petpalace.test/wp-content/uploads/2024/04/woocommerce-placeholder.png,0,attachment,image/png,0
9,1,2024-04-29 10:40:46,2024-04-29 10:40:46,,Shop,,publish,closed,closed,,shop,,,2024-04-29 10:40:46,2024-04-29 10:40:46,,0,http://petpalace.test/shop/,0,page,,0
10,1,2024-04-29 10:40:46,2024-04-29 10:40:46,"<!-- wp:woocommerce/cart -->
<div class=""wp-block-woocommerce-cart alignwide is-loading""><!-- wp:woocommerce/filled-cart-block -->
<div class=""wp-block-woocommerce-filled-cart-block""><!-- wp:woocommerce/cart-items-block -->
<div class=""wp-block-woocommerce-cart-items-block""><!-- wp:woocommerce/cart-line-items-block -->
<div class=""wp-block-woocommerce-cart-line-items-block""></div>
<!-- /wp:woocommerce/cart-line-items-block -->

<!-- wp:woocommerce/cart-cross-sells-block -->
<div class=""wp-block-woocommerce-cart-cross-sells-block""><!-- wp:heading {""fontSize"":""large""} -->
<h2 class=""wp-block-heading has-large-font-size"">You may be interested in…</h2>
<!-- /wp:heading -->

<!-- wp:woocommerce/cart-cross-sells-products-block -->
<div class=""wp-block-woocommerce-cart-cross-sells-products-block""></div>
<!-- /wp:woocommerce/cart-cross-sells-products-block --></div>
<!-- /wp:woocommerce/cart-cross-sells-block --></div>
<!-- /wp:woocommerce/cart-items-block -->

<!-- wp:woocommerce/cart-totals-block -->
<div class=""wp-block-woocommerce-cart-totals-block""><!-- wp:woocommerce/cart-order-summary-block -->
<div class=""wp-block-woocommerce-cart-order-summary-block""><!-- wp:woocommerce/cart-order-summary-heading-block -->
<div class=""wp-block-woocommerce-cart-order-summary-heading-block""></div>
<!-- /wp:woocommerce/cart-order-summary-heading-block -->

<!-- wp:woocommerce/cart-order-summary-coupon-form-block -->
<div class=""wp-block-woocommerce-cart-order-summary-coupon-form-block""></div>
<!-- /wp:woocommerce/cart-order-summary-coupon-form-block -->

<!-- wp:woocommerce/cart-order-summary-subtotal-block -->
<div class=""wp-block-woocommerce-cart-order-summary-subtotal-block""></div>
<!-- /wp:woocommerce/cart-order-summary-subtotal-block -->

<!-- wp:woocommerce/cart-order-summary-fee-block -->
<div class=""wp-block-woocommerce-cart-order-summary-fee-block""></div>
<!-- /wp:woocommerce/cart-order-summary-fee-block -->

<!-- wp:woocommerce/cart-order-summary-discount-block -->
<div class=""wp-block-woocommerce-cart-order-summary-discount-block""></div>
<!-- /wp:woocommerce/cart-order-summary-discount-block -->

<!-- wp:woocommerce/cart-order-summary-shipping-block -->
<div class=""wp-block-woocommerce-cart-order-summary-shipping-block""></div>
<!-- /wp:woocommerce/cart-order-summary-shipping-block -->

<!-- wp:woocommerce/cart-order-summary-taxes-block -->
<div class=""wp-block-woocommerce-cart-order-summary-taxes-block""></div>
<!-- /wp:woocommerce/cart-order-summary-taxes-block --></div>
<!-- /wp:woocommerce/cart-order-summary-block -->

<!-- wp:woocommerce/cart-express-payment-block -->
<div class=""wp-block-woocommerce-cart-express-payment-block""></div>
<!-- /wp:woocommerce/cart-express-payment-block -->

<!-- wp:woocommerce/proceed-to-checkout-block -->
<div class=""wp-block-woocommerce-proceed-to-checkout-block""></div>
<!-- /wp:woocommerce/proceed-to-checkout-block -->

<!-- wp:woocommerce/cart-accepted-payment-methods-block -->
<div class=""wp-block-woocommerce-cart-accepted-payment-methods-block""></div>
<!-- /wp:woocommerce/cart-accepted-payment-methods-block --></div>
<!-- /wp:woocommerce/cart-totals-block --></div>
<!-- /wp:woocommerce/filled-cart-block -->

<!-- wp:woocommerce/empty-cart-block -->
<div class=""wp-block-woocommerce-empty-cart-block""><!-- wp:heading {""textAlign"":""center"",""className"":""with-empty-cart-icon wc-block-cart__empty-cart__title""} -->
<h2 class=""wp-block-heading has-text-align-center with-empty-cart-icon wc-block-cart__empty-cart__title"">Your cart is currently empty!</h2>
<!-- /wp:heading -->

<!-- wp:separator {""className"":""is-style-dots""} -->
<hr class=""wp-block-separator has-alpha-channel-opacity is-style-dots""/>
<!-- /wp:separator -->

<!-- wp:heading {""textAlign"":""center""} -->
<h2 class=""wp-block-heading has-text-align-center"">New in store</h2>
<!-- /wp:heading -->

<!-- wp:woocommerce/product-new {""columns"":4,""rows"":1} /--></div>
<!-- /wp:woocommerce/empty-cart-block --></div>
<!-- /wp:woocommerce/cart -->",Cart,,publish,closed,closed,,cart,,,2024-04-29 10:40:46,2024-04-29 10:40:46,,0,http://petpalace.test/cart/,0,page,,0
11,1,2024-04-29 10:40:46,2024-04-29 10:40:46,"<!-- wp:woocommerce/checkout -->
<div class=""wp-block-woocommerce-checkout alignwide wc-block-checkout is-loading""><!-- wp:woocommerce/checkout-fields-block -->
<div class=""wp-block-woocommerce-checkout-fields-block""><!-- wp:woocommerce/checkout-express-payment-block -->
<div class=""wp-block-woocommerce-checkout-express-payment-block""></div>
<!-- /wp:woocommerce/checkout-express-payment-block -->

<!-- wp:woocommerce/checkout-contact-information-block -->
<div class=""wp-block-woocommerce-checkout-contact-information-block""></div>
<!-- /wp:woocommerce/checkout-contact-information-block -->

<!-- wp:woocommerce/checkout-shipping-method-block -->
<div class=""wp-block-woocommerce-checkout-shipping-method-block""></div>
<!-- /wp:woocommerce/checkout-shipping-method-block -->

<!-- wp:woocommerce/checkout-pickup-options-block -->
<div class=""wp-block-woocommerce-checkout-pickup-options-block""></div>
<!-- /wp:woocommerce/checkout-pickup-options-block -->

<!-- wp:woocommerce/checkout-shipping-address-block -->
<div class=""wp-block-woocommerce-checkout-shipping-address-block""></div>
<!-- /wp:woocommerce/checkout-shipping-address-block -->

<!-- wp:woocommerce/checkout-billing-address-block -->
<div class=""wp-block-woocommerce-checkout-billing-address-block""></div>
<!-- /wp:woocommerce/checkout-billing-address-block -->

<!-- wp:woocommerce/checkout-shipping-methods-block -->
<div class=""wp-block-woocommerce-checkout-shipping-methods-block""></div>
<!-- /wp:woocommerce/checkout-shipping-methods-block -->

<!-- wp:woocommerce/checkout-payment-block -->
<div class=""wp-block-woocommerce-checkout-payment-block""></div>
<!-- /wp:woocommerce/checkout-payment-block -->

<!-- wp:woocommerce/checkout-additional-information-block -->
<div class=""wp-block-woocommerce-checkout-additional-information-block""></div>
<!-- /wp:woocommerce/checkout-additional-information-block -->

<!-- wp:woocommerce/checkout-order-note-block -->
<div class=""wp-block-woocommerce-checkout-order-note-block""></div>
<!-- /wp:woocommerce/checkout-order-note-block -->

<!-- wp:woocommerce/checkout-terms-block -->
<div class=""wp-block-woocommerce-checkout-terms-block""></div>
<!-- /wp:woocommerce/checkout-terms-block -->

<!-- wp:woocommerce/checkout-actions-block -->
<div class=""wp-block-woocommerce-checkout-actions-block""></div>
<!-- /wp:woocommerce/checkout-actions-block --></div>
<!-- /wp:woocommerce/checkout-fields-block -->

<!-- wp:woocommerce/checkout-totals-block -->
<div class=""wp-block-woocommerce-checkout-totals-block""><!-- wp:woocommerce/checkout-order-summary-block -->
<div class=""wp-block-woocommerce-checkout-order-summary-block""><!-- wp:woocommerce/checkout-order-summary-cart-items-block -->
<div class=""wp-block-woocommerce-checkout-order-summary-cart-items-block""></div>
<!-- /wp:woocommerce/checkout-order-summary-cart-items-block -->

<!-- wp:woocommerce/checkout-order-summary-coupon-form-block -->
<div class=""wp-block-woocommerce-checkout-order-summary-coupon-form-block""></div>
<!-- /wp:woocommerce/checkout-order-summary-coupon-form-block -->

<!-- wp:woocommerce/checkout-order-summary-subtotal-block -->
<div class=""wp-block-woocommerce-checkout-order-summary-subtotal-block""></div>
<!-- /wp:woocommerce/checkout-order-summary-subtotal-block -->

<!-- wp:woocommerce/checkout-order-summary-fee-block -->
<div class=""wp-block-woocommerce-checkout-order-summary-fee-block""></div>
<!-- /wp:woocommerce/checkout-order-summary-fee-block -->

<!-- wp:woocommerce/checkout-order-summary-discount-block -->
<div class=""wp-block-woocommerce-checkout-order-summary-discount-block""></div>
<!-- /wp:woocommerce/checkout-order-summary-discount-block -->

<!-- wp:woocommerce/checkout-order-summary-shipping-block -->
<div class=""wp-block-woocommerce-checkout-order-summary-shipping-block""></div>
<!-- /wp:woocommerce/checkout-order-summary-shipping-block -->

<!-- wp:woocommerce/checkout-order-summary-taxes-block -->
<div class=""wp-block-woocommerce-checkout-order-summary-taxes-block""></div>
<!-- /wp:woocommerce/checkout-order-summary-taxes-block --></div>
<!-- /wp:woocommerce/checkout-order-summary-block --></div>
<!-- /wp:woocommerce/checkout-totals-block --></div>
<!-- /wp:woocommerce/checkout -->",Checkout,,publish,closed,closed,,checkout,,,2024-04-29 10:40:46,2024-04-29 10:40:46,,0,http://petpalace.test/checkout/,0,page,,0
12,1,2024-04-29 10:40:46,2024-04-29 10:40:46,<!-- wp:shortcode -->[woocommerce_my_account]<!-- /wp:shortcode -->,My account,,publish,closed,closed,,my-account,,,2024-04-29 10:40:46,2024-04-29 10:40:46,,0,http://petpalace.test/my-account/,0,page,,0
13,1,2024-04-29 10:40:46,0000-00-00 00:00:00,"<!-- wp:paragraph -->
<p><b>This is a sample page.</b></p>
<!-- /wp:paragraph -->

<!-- wp:heading -->
<h2 class=""wp-block-heading"">Overview</h2>
<!-- /wp:heading -->

<!-- wp:paragraph -->
<p>Our refund and returns policy lasts 30 days. If 30 days have passed since your purchase, we can’t offer you a full refund or exchange.</p>
<!-- /wp:paragraph -->

<!-- wp:paragraph -->
<p>To be eligible for a return, your item must be unused and in the same condition that you received it. It must also be in the original packaging.</p>
<!-- /wp:paragraph -->

<!-- wp:paragraph -->
<p>Several types of goods are exempt from being returned. Perishable goods such as food, flowers, newspapers or magazines cannot be returned. We also do not accept products that are intimate or sanitary goods, hazardous materials, or flammable liquids or gases.</p>
<!-- /wp:paragraph -->

<!-- wp:paragraph -->
<p>Additional non-returnable items:</p>
<!-- /wp:paragraph -->

<!-- wp:list -->
<ul>
<li>Gift cards</li>
<li>Downloadable software products</li>
<li>Some health and personal care items</li>
</ul>
<!-- /wp:list -->

<!-- wp:paragraph -->
<p>To complete your return, we require a receipt or proof of purchase.</p>
<!-- /wp:paragraph -->

<!-- wp:paragraph -->
<p>Please do not send your purchase back to the manufacturer.</p>
<!-- /wp:paragraph -->

<!-- wp:paragraph -->
<p>There are certain situations where only partial refunds are granted:</p>
<!-- /wp:paragraph -->

<!-- wp:list -->
<ul>
<li>Book with obvious signs of use</li>
<li>CD, DVD, VHS tape, software, video game, cassette tape, or vinyl record that has been opened.</li>
<li>Any item not in its original condition, is damaged or missing parts for reasons not due to our error.</li>
<li>Any item that is returned more than 30 days after delivery</li>
</ul>
<!-- /wp:list -->

<!-- wp:paragraph -->
<h2>Refunds</h2>
<!-- /wp:paragraph -->

<!-- wp:paragraph -->
<p>Once your return is received and inspected, we will send you an email to notify you that we have received your returned item. We will also notify you of the approval or rejection of your refund.</p>
<!-- /wp:paragraph -->

<!-- wp:paragraph -->
<p>If you are approved, then your refund will be processed, and a credit will automatically be applied to your credit card or original method of payment, within a certain amount of days.</p>
<!-- /wp:paragraph -->

<!-- wp:heading -->
<h3 class=""wp-block-heading"">Late or missing refunds</h3>
<!-- /wp:heading -->

<!-- wp:paragraph -->
<p>If you haven’t received a refund yet, first check your bank account again.</p>
<!-- /wp:paragraph -->

<!-- wp:paragraph -->
<p>Then contact your credit card company, it may take some time before your refund is officially posted.</p>
<!-- /wp:paragraph -->

<!-- wp:paragraph -->
<p>Next contact your bank. There is often some processing time before a refund is posted.</p>
<!-- /wp:paragraph -->

<!-- wp:paragraph -->
<p>If you’ve done all of this and you still have not received your refund yet, please contact us at {email address}.</p>
<!-- /wp:paragraph -->

<!-- wp:heading -->
<h3 class=""wp-block-heading"">Sale items</h3>
<!-- /wp:heading -->

<!-- wp:paragraph -->
<p>Only regular priced items may be refunded. Sale items cannot be refunded.</p>
<!-- /wp:paragraph -->

<!-- wp:paragraph -->
<h2>Exchanges</h2>
<!-- /wp:paragraph -->

<!-- wp:paragraph -->
<p>We only replace items if they are defective or damaged. If you need to exchange it for the same item, send us an email at {email address} and send your item to: {physical address}.</p>
<!-- /wp:paragraph -->

<!-- wp:paragraph -->
<h2>Gifts</h2>
<!-- /wp:paragraph -->

<!-- wp:paragraph -->
<p>If the item was marked as a gift when purchased and shipped directly to you, you’ll receive a gift credit for the value of your return. Once the returned item is received, a gift certificate will be mailed to you.</p>
<!-- /wp:paragraph -->

<!-- wp:paragraph -->
<p>If the item wasn’t marked as a gift when purchased, or the gift giver had the order shipped to themselves to give to you later, we will send a refund to the gift giver and they will find out about your return.</p>
<!-- /wp:paragraph -->

<!-- wp:paragraph -->
<h2>Shipping returns</h2>
<!-- /wp:paragraph -->

<!-- wp:paragraph -->
<p>To return your product, you should mail your product to: {physical address}.</p>
<!-- /wp:paragraph -->

<!-- wp:paragraph -->
<p>You will be responsible for paying for your own shipping costs for returning your item. Shipping costs are non-refundable. If you receive a refund, the cost of return shipping will be deducted from your refund.</p>
<!-- /wp:paragraph -->

<!-- wp:paragraph -->
<p>Depending on where you live, the time it may take for your exchanged product to reach you may vary.</p>
<!-- /wp:paragraph -->

<!-- wp:paragraph -->
<p>If you are returning more expensive items, you may consider using a trackable shipping service or purchasing shipping insurance. We don’t guarantee that we will receive your returned item.</p>
<!-- /wp:paragraph -->

<!-- wp:paragraph -->
<h2>Need help?</h2>
<!-- /wp:paragraph -->

<!-- wp:paragraph -->
<p>Contact us at {email} for questions related to refunds and returns.</p>
<!-- /wp:paragraph -->",Refund and Returns Policy,,draft,closed,closed,,refund_returns,,,2024-04-29 10:40:46,0000-00-00 00:00:00,,0,http://petpalace.test/?page_id=13,0,page,,0
14,1,2024-04-29 10:42:01,2024-04-29 10:42:01,"{""fontFamily"":""Inter, sans-serif"",""preview"":""https://s.w.org/images/fonts/17.7/previews/inter/inter.svg""}",Inter,,publish,closed,closed,,inter,,,2024-04-29 10:42:01,2024-04-29 10:42:01,,0,http://petpalace.test/2024/04/29/inter/,0,wp_font_family,,0
15,1,2024-04-29 10:42:01,2024-04-29 10:42:01,"{""fontFamily"":""\""Bodoni Moda\"", serif"",""preview"":""https://s.w.org/images/fonts/17.7/previews/bodoni-moda/bodoni-moda.svg""}",Bodoni Moda,,publish,closed,closed,,bodoni-moda,,,2024-04-29 10:42:01,2024-04-29 10:42:01,,0,http://petpalace.test/2024/04/29/bodoni-moda/,0,wp_font_family,,0
16,1,2024-04-29 10:42:01,2024-04-29 10:42:01,"{""fontFamily"":""Overpass, sans-serif"",""preview"":""https://s.w.org/images/fonts/17.7/previews/overpass/overpass.svg""}",Overpass,,publish,closed,closed,,overpass,,,2024-04-29 10:42:01,2024-04-29 10:42:01,,0,http://petpalace.test/2024/04/29/overpass/,0,wp_font_family,,0
17,1,2024-04-29 10:42:01,2024-04-29 10:42:01,"{""fontFamily"":""\""Albert Sans\"", sans-serif"",""preview"":""https://s.w.org/images/fonts/17.7/previews/albert-sans/albert-sans.svg""}",Albert Sans,,publish,closed,closed,,albert-sans,,,2024-04-29 10:42:01,2024-04-29 10:42:01,,0,http://petpalace.test/2024/04/29/albert-sans/,0,wp_font_family,,0
18,1,2024-04-29 10:42:01,2024-04-29 10:42:01,"{""fontFamily"":""Lora, serif"",""preview"":""https://s.w.org/images/fonts/17.7/previews/lora/lora.svg""}",Lora,,publish,closed,closed,,lora,,,2024-04-29 10:42:01,2024-04-29 10:42:01,,0,http://petpalace.test/2024/04/29/lora/,0,wp_font_family,,0
19,1,2024-04-29 10:42:01,2024-04-29 10:42:01,"{""fontFamily"":""Montserrat, sans-serif"",""preview"":""https://s.w.org/images/fonts/17.7/previews/montserrat/montserrat.svg""}",Montserrat,,publish,closed,closed,,montserrat,,,2024-04-29 10:42:01,2024-04-29 10:42:01,,0,http://petpalace.test/2024/04/29/montserrat/,0,wp_font_family,,0
20,1,2024-04-29 10:42:01,2024-04-29 10:42:01,"{""fontFamily"":""Arvo, serif"",""preview"":""https://s.w.org/images/fonts/17.7/previews/arvo/arvo.svg""}",Arvo,,publish,closed,closed,,arvo,,,2024-04-29 10:42:01,2024-04-29 10:42:01,,0,http://petpalace.test/2024/04/29/arvo/,0,wp_font_family,,0
21,1,2024-04-29 10:42:01,2024-04-29 10:42:01,"{""fontFamily"":""Rubik, sans-serif"",""preview"":""https://s.w.org/images/fonts/17.7/previews/rubik/rubik.svg""}",Rubik,,publish,closed,closed,,rubik,,,2024-04-29 10:42:01,2024-04-29 10:42:01,,0,http://petpalace.test/2024/04/29/rubik/,0,wp_font_family,,0
22,1,2024-04-29 10:42:01,2024-04-29 10:42:01,"{""fontFamily"":""Newsreader, serif"",""preview"":""https://s.w.org/images/fonts/17.7/previews/newsreader/newsreader.svg""}",Newsreader,,publish,closed,closed,,newsreader,,,2024-04-29 10:42:01,2024-04-29 10:42:01,,0,http://petpalace.test/2024/04/29/newsreader/,0,wp_font_family,,0
23,1,2024-04-29 10:42:01,2024-04-29 10:42:01,"{""fontFamily"":""Cormorant, serif"",""preview"":""https://s.w.org/images/fonts/17.7/previews/cormorant/cormorant.svg""}",Cormorant,,publish,closed,closed,,cormorant,,,2024-04-29 10:42:01,2024-04-29 10:42:01,,0,http://petpalace.test/2024/04/29/cormorant/,0,wp_font_family,,0
24,1,2024-04-29 10:42:01,2024-04-29 10:42:01,"{""fontFamily"":""\""Work Sans\"", sans-serif"",""preview"":""https://s.w.org/images/fonts/17.7/previews/work-sans/work-sans.svg""}",Work Sans,,publish,closed,closed,,work-sans,,,2024-04-29 10:42:01,2024-04-29 10:42:01,,0,http://petpalace.test/2024/04/29/work-sans/,0,wp_font_family,,0
25,1,2024-04-29 10:42:01,2024-04-29 10:42:01,"{""fontFamily"":""Raleway, sans-serif"",""preview"":""https://s.w.org/images/fonts/17.7/previews/raleway/raleway.svg""}",Raleway,,publish,closed,closed,,raleway,,,2024-04-29 10:42:01,2024-04-29 10:42:01,,0,http://petpalace.test/2024/04/29/raleway/,0,wp_font_family,,0
26,1,2024-04-29 10:42:02,2024-04-29 10:42:02,"{""fontFamily"":""Inter"",""fontStyle"":""normal"",""fontWeight"":""400"",""src"":""http://petpalace.test/wp-content/uploads/fonts/UcCO3FwrK3iLTeHuS_fvQtMwCp50KnMw2boKoduKmMEVuLyfMZ1rib2Bg-4.woff2"",""preview"":""https://s.w.org/images/fonts/17.7/previews/inter/inter-400-normal.svg""}",inter;normal;400;100%;U+0-10FFFF,,publish,closed,closed,,internormal400100u0-10ffff,,,2024-04-29 10:42:02,2024-04-29 10:42:02,,14,http://petpalace.test/2024/04/29/internormal400100u0-10ffff/,0,wp_font_face,,0
27,1,2024-04-29 10:42:02,2024-04-29 10:42:02,"{""fontFamily"":""Inter"",""fontStyle"":""normal"",""fontWeight"":""500"",""src"":""http://petpalace.test/wp-content/uploads/fonts/UcCO3FwrK3iLTeHuS_fvQtMwCp50KnMw2boKoduKmMEVuI6fMZ1rib2Bg-4.woff2"",""preview"":""https://s.w.org/images/fonts/17.7/previews/inter/inter-500-normal.svg""}",inter;normal;500;100%;U+0-10FFFF,,publish,closed,closed,,internormal500100u0-10ffff,,,2024-04-29 10:42:02,2024-04-29 10:42:02,,14,http://petpalace.test/2024/04/29/internormal500100u0-10ffff/,0,wp_font_face,,0
28,1,2024-04-29 10:42:02,2024-04-29 10:42:02,"{""fontFamily"":""Inter"",""fontStyle"":""normal"",""fontWeight"":""600"",""src"":""http://petpalace.test/wp-content/uploads/fonts/UcCO3FwrK3iLTeHuS_fvQtMwCp50KnMw2boKoduKmMEVuGKYMZ1rib2Bg-4.woff2"",""preview"":""https://s.w.org/images/fonts/17.7/previews/inter/inter-600-normal.svg""}",inter;normal;600;100%;U+0-10FFFF,,publish,closed,closed,,internormal600100u0-10ffff,,,2024-04-29 10:42:02,2024-04-29 10:42:02,,14,http://petpalace.test/2024/04/29/internormal600100u0-10ffff/,0,wp_font_face,,0
29,1,2024-04-29 10:42:02,2024-04-29 10:42:02,"{""fontFamily"":""\""Bodoni Moda\"""",""fontStyle"":""normal"",""fontWeight"":""400"",""src"":""http://petpalace.test/wp-content/uploads/fonts/aFT67PxzY382XsXX63LUYL6GYFcan6NJrKp-VPjfJMShrpsGFUt8oU7awIVytVjMYwE.woff2"",""preview"":""https://s.w.org/images/fonts/17.7/previews/bodoni-moda/bodoni-moda-400-normal.svg""}",bodoni moda;normal;400;100%;U+0-10FFFF,,publish,closed,closed,,bodoni-modanormal400100u0-10ffff,,,2024-04-29 10:42:02,2024-04-29 10:42:02,,15,http://petpalace.test/2024/04/29/bodoni-modanormal400100u0-10ffff/,0,wp_font_face,,0
30,1,2024-04-29 10:42:03,2024-04-29 10:42:03,"{""fontFamily"":""\""Bodoni Moda\"""",""fontStyle"":""italic"",""fontWeight"":""400"",""src"":""http://petpalace.test/wp-content/uploads/fonts/aFT07PxzY382XsXX63LUYJSPUqb0pL6OQqxrZLnVbvZedvJtj-V7tIaZKMN4tHrJcwHqoQ.woff2"",""preview"":""https://s.w.org/images/fonts/17.7/previews/bodoni-moda/bodoni-moda-400-italic.svg""}",bodoni moda;italic;400;100%;U+0-10FFFF,,publish,closed,closed,,bodoni-modaitalic400100u0-10ffff,,,2024-04-29 10:42:03,2024-04-29 10:42:03,,15,http://petpalace.test/2024/04/29/bodoni-modaitalic400100u0-10ffff/,0,wp_font_face,,0
31,1,2024-04-29 10:42:03,2024-04-29 10:42:03,"{""fontFamily"":""Overpass"",""fontStyle"":""normal"",""fontWeight"":""300"",""src"":""http://petpalace.test/wp-content/uploads/fonts/qFda35WCmI96Ajtm83upeyoaX6QPnlo6ovPrPJCLtce-og.woff2"",""preview"":""https://s.w.org/images/fonts/17.7/previews/overpass/overpass-300-normal.svg""}",overpass;normal;300;100%;U+0-10FFFF,,publish,closed,closed,,overpassnormal300100u0-10ffff,,,2024-04-29 10:42:03,2024-04-29 10:42:03,,16,http://petpalace.test/2024/04/29/overpassnormal300100u0-10ffff/,0,wp_font_face,,0
32,1,2024-04-29 10:42:03,2024-04-29 10:42:03,"{""fontFamily"":""Overpass"",""fontStyle"":""normal"",""fontWeight"":""400"",""src"":""http://petpalace.test/wp-content/uploads/fonts/qFda35WCmI96Ajtm83upeyoaX6QPnlo6_PPrPJCLtce-og.woff2"",""preview"":""https://s.w.org/images/fonts/17.7/previews/overpass/overpass-400-normal.svg""}",overpass;normal;400;100%;U+0-10FFFF,,publish,closed,closed,,overpassnormal400100u0-10ffff,,,2024-04-29 10:42:03,2024-04-29 10:42:03,,16,http://petpalace.test/2024/04/29/overpassnormal400100u0-10ffff/,0,wp_font_face,,0
33,1,2024-04-29 10:42:03,2024-04-29 10:42:03,"{""fontFamily"":""Overpass"",""fontStyle"":""italic"",""fontWeight"":""300"",""src"":""http://petpalace.test/wp-content/uploads/fonts/qFdU35WCmI96Ajtm81GgSdXCNs-VMF0vNLBdepqKl8Kuosgz.woff2"",""preview"":""https://s.w.org/images/fonts/17.7/previews/overpass/overpass-300-italic.svg""}",overpass;italic;300;100%;U+0-10FFFF,,publish,closed,closed,,overpassitalic300100u0-10ffff,,,2024-04-29 10:42:03,2024-04-29 10:42:03,,16,http://petpalace.test/2024/04/29/overpassitalic300100u0-10ffff/,0,wp_font_face,,0
34,1,2024-04-29 10:42:03,2024-04-29 10:42:03,"{""fontFamily"":""Overpass"",""fontStyle"":""italic"",""fontWeight"":""400"",""src"":""http://petpalace.test/wp-content/uploads/fonts/qFdU35WCmI96Ajtm81GgSdXCNs-VMF0vNLADepqKl8Kuosgz.woff2"",""preview"":""https://s.w.org/images/fonts/17.7/previews/overpass/overpass-400-italic.svg""}",overpass;italic;400;100%;U+0-10FFFF,,publish,closed,closed,,overpassitalic400100u0-10ffff,,,2024-04-29 10:42:03,2024-04-29 10:42:03,,16,http://petpalace.test/2024/04/29/overpassitalic400100u0-10ffff/,0,wp_font_face,,0
35,1,2024-04-29 10:42:03,2024-04-29 10:42:03,"{""fontFamily"":""\""Albert Sans\"""",""fontStyle"":""normal"",""fontWeight"":""700"",""src"":""http://petpalace.test/wp-content/uploads/fonts/i7dZIFdwYjGaAMFtZd_QA3xXSKZqhr-TenSHTJT_qY32TxAj1g.woff2"",""preview"":""https://s.w.org/images/fonts/17.7/previews/albert-sans/albert-sans-700-normal.svg""}",albert sans;normal;700;100%;U+0-10FFFF,,publish,closed,closed,,albert-sansnormal700100u0-10ffff,,,2024-04-29 10:42:03,2024-04-29 10:42:03,,17,http://petpalace.test/2024/04/29/albert-sansnormal700100u0-10ffff/,0,wp_font_face,,0
36,1,2024-04-29 10:42:03,2024-04-29 10:42:03,"{""fontFamily"":""\""Albert Sans\"""",""fontStyle"":""italic"",""fontWeight"":""700"",""src"":""http://petpalace.test/wp-content/uploads/fonts/i7dfIFdwYjGaAMFtZd_QA1Zeelmy79QJ1HOSY9Dw6If3bRUz1r5t.woff2"",""preview"":""https://s.w.org/images/fonts/17.7/previews/albert-sans/albert-sans-700-italic.svg""}",albert sans;italic;700;100%;U+0-10FFFF,,publish,closed,closed,,albert-sansitalic700100u0-10ffff,,,2024-04-29 10:42:03,2024-04-29 10:42:03,,17,http://petpalace.test/2024/04/29/albert-sansitalic700100u0-10ffff/,0,wp_font_face,,0
37,1,2024-04-29 10:42:03,2024-04-29 10:42:03,"{""fontFamily"":""Lora"",""fontStyle"":""normal"",""fontWeight"":""400"",""src"":""http://petpalace.test/wp-content/uploads/fonts/0QI6MX1D_JOuGQbT0gvTJPa787weuyJDmKxemMeZ.woff2"",""preview"":""https://s.w.org/images/fonts/17.7/previews/lora/lora-400-normal.svg""}",lora;normal;400;100%;U+0-10FFFF,,publish,closed,closed,,loranormal400100u0-10ffff,,,2024-04-29 10:42:03,2024-04-29 10:42:03,,18,http://petpalace.test/2024/04/29/loranormal400100u0-10ffff/,0,wp_font_face,,0
38,1,2024-04-29 10:42:04,2024-04-29 10:42:04,"{""fontFamily"":""Lora"",""fontStyle"":""italic"",""fontWeight"":""400"",""src"":""http://petpalace.test/wp-content/uploads/fonts/0QI8MX1D_JOuMw_hLdO6T2wV9KnW-MoFkq18ndeZzZ0.woff2"",""preview"":""https://s.w.org/images/fonts/17.7/previews/lora/lora-400-italic.svg""}",lora;italic;400;100%;U+0-10FFFF,,publish,closed,closed,,loraitalic400100u0-10ffff,,,2024-04-29 10:42:04,2024-04-29 10:42:04,,18,http://petpalace.test/2024/04/29/loraitalic400100u0-10ffff/,0,wp_font_face,,0
39,1,2024-04-29 10:42:04,2024-04-29 10:42:04,"{""fontFamily"":""Montserrat"",""fontStyle"":""normal"",""fontWeight"":""500"",""src"":""http://petpalace.test/wp-content/uploads/fonts/JTUHjIg1_i6t8kCHKm4532VJOt5-QNFgpCtZ6Ew7Y3tcoqK5.woff2"",""preview"":""https://s.w.org/images/fonts/17.7/previews/montserrat/montserrat-500-normal.svg""}",montserrat;normal;500;100%;U+0-10FFFF,,publish,closed,closed,,montserratnormal500100u0-10ffff,,,2024-04-29 10:42:04,2024-04-29 10:42:04,,19,http://petpalace.test/2024/04/29/montserratnormal500100u0-10ffff/,0,wp_font_face,,0
40,1,2024-04-29 10:42:04,2024-04-29 10:42:04,"{""fontFamily"":""Montserrat"",""fontStyle"":""normal"",""fontWeight"":""700"",""src"":""http://petpalace.test/wp-content/uploads/fonts/JTUHjIg1_i6t8kCHKm4532VJOt5-QNFgpCuM70w7Y3tcoqK5.woff2"",""preview"":""https://s.w.org/images/fonts/17.7/previews/montserrat/montserrat-700-normal.svg""}",montserrat;normal;700;100%;U+0-10FFFF,,publish,closed,closed,,montserratnormal700100u0-10ffff,,,2024-04-29 10:42:04,2024-04-29 10:42:04,,19,http://petpalace.test/2024/04/29/montserratnormal700100u0-10ffff/,0,wp_font_face,,0
41,1,2024-04-29 10:42:04,2024-04-29 10:42:04,"{""fontFamily"":""Montserrat"",""fontStyle"":""italic"",""fontWeight"":""500"",""src"":""http://petpalace.test/wp-content/uploads/fonts/JTUFjIg1_i6t8kCHKm459Wx7xQYXK0vOoz6jq5Z9aXp-p7K5ILg.woff2"",""preview"":""https://s.w.org/images/fonts/17.7/previews/montserrat/montserrat-500-italic.svg""}",montserrat;italic;500;100%;U+0-10FFFF,,publish,closed,closed,,montserratitalic500100u0-10ffff,,,2024-04-29 10:42:04,2024-04-29 10:42:04,,19,http://petpalace.test/2024/04/29/montserratitalic500100u0-10ffff/,0,wp_font_face,,0
42,1,2024-04-29 10:42:04,2024-04-29 10:42:04,"{""fontFamily"":""Montserrat"",""fontStyle"":""italic"",""fontWeight"":""700"",""src"":""http://petpalace.test/wp-content/uploads/fonts/JTUFjIg1_i6t8kCHKm459Wx7xQYXK0vOoz6jq0N6aXp-p7K5ILg.woff2"",""preview"":""https://s.w.org/images/fonts/17.7/previews/montserrat/montserrat-700-italic.svg""}",montserrat;italic;700;100%;U+0-10FFFF,,publish,closed,closed,,montserratitalic700100u0-10ffff,,,2024-04-29 10:42:04,2024-04-29 10:42:04,,19,http://petpalace.test/2024/04/29/montserratitalic700100u0-10ffff/,0,wp_font_face,,0
43,1,2024-04-29 10:42:04,2024-04-29 10:42:04,"{""fontFamily"":""Arvo"",""fontStyle"":""normal"",""fontWeight"":""400"",""src"":""http://petpalace.test/wp-content/uploads/fonts/tDbD2oWUg0MKmSUa7Lzr7vs.woff2"",""preview"":""https://s.w.org/images/fonts/17.7/previews/arvo/arvo-400-normal.svg""}",arvo;normal;400;100%;U+0-10FFFF,,publish,closed,closed,,arvonormal400100u0-10ffff,,,2024-04-29 10:42:04,2024-04-29 10:42:04,,20,http://petpalace.test/2024/04/29/arvonormal400100u0-10ffff/,0,wp_font_face,,0
44,1,2024-04-29 10:42:04,2024-04-29 10:42:04,"{""fontFamily"":""Arvo"",""fontStyle"":""italic"",""fontWeight"":""400"",""src"":""http://petpalace.test/wp-content/uploads/fonts/tDbN2oWUg0MKqSIQ7Z7u_vvijQ.woff2"",""preview"":""https://s.w.org/images/fonts/17.7/previews/arvo/arvo-400-italic.svg""}",arvo;italic;400;100%;U+0-10FFFF,,publish,closed,closed,,arvoitalic400100u0-10ffff,,,2024-04-29 10:42:04,2024-04-29 10:42:04,,20,http://petpalace.test/2024/04/29/arvoitalic400100u0-10ffff/,0,wp_font_face,,0
45,1,2024-04-29 10:42:05,2024-04-29 10:42:05,"{""fontFamily"":""Rubik"",""fontStyle"":""normal"",""fontWeight"":""400"",""src"":""http://petpalace.test/wp-content/uploads/fonts/iJWZBXyIfDnIV5PNhY1KTN7Z-Yh-B4i1VU80V4bVkA.woff2"",""preview"":""https://s.w.org/images/fonts/17.7/previews/rubik/rubik-400-normal.svg""}",rubik;normal;400;100%;U+0-10FFFF,,publish,closed,closed,,rubiknormal400100u0-10ffff,,,2024-04-29 10:42:05,2024-04-29 10:42:05,,21,http://petpalace.test/2024/04/29/rubiknormal400100u0-10ffff/,0,wp_font_face,,0
46,1,2024-04-29 10:42:05,2024-04-29 10:42:05,"{""fontFamily"":""Rubik"",""fontStyle"":""normal"",""fontWeight"":""800"",""src"":""http://petpalace.test/wp-content/uploads/fonts/iJWZBXyIfDnIV5PNhY1KTN7Z-Yh-h4-1VU80V4bVkA.woff2"",""preview"":""https://s.w.org/images/fonts/17.7/previews/rubik/rubik-800-normal.svg""}",rubik;normal;800;100%;U+0-10FFFF,,publish,closed,closed,,rubiknormal800100u0-10ffff,,,2024-04-29 10:42:05,2024-04-29 10:42:05,,21,http://petpalace.test/2024/04/29/rubiknormal800100u0-10ffff/,0,wp_font_face,,0
47,1,2024-04-29 10:42:05,2024-04-29 10:42:05,"{""fontFamily"":""Rubik"",""fontStyle"":""italic"",""fontWeight"":""400"",""src"":""http://petpalace.test/wp-content/uploads/fonts/iJWbBXyIfDnIV7nEt3KSJbVDV49rz8tdE0U1dYPFkJ1O.woff2"",""preview"":""https://s.w.org/images/fonts/17.7/previews/rubik/rubik-400-italic.svg""}",rubik;italic;400;100%;U+0-10FFFF,,publish,closed,closed,,rubikitalic400100u0-10ffff,,,2024-04-29 10:42:05,2024-04-29 10:42:05,,21,http://petpalace.test/2024/04/29/rubikitalic400100u0-10ffff/,0,wp_font_face,,0
48,1,2024-04-29 10:42:05,2024-04-29 10:42:05,"{""fontFamily"":""Rubik"",""fontStyle"":""italic"",""fontWeight"":""800"",""src"":""http://petpalace.test/wp-content/uploads/fonts/iJWbBXyIfDnIV7nEt3KSJbVDV49rz8vdFEU1dYPFkJ1O.woff2"",""preview"":""https://s.w.org/images/fonts/17.7/previews/rubik/rubik-800-italic.svg""}",rubik;italic;800;100%;U+0-10FFFF,,publish,closed,closed,,rubikitalic800100u0-10ffff,,,2024-04-29 10:42:05,2024-04-29 10:42:05,,21,http://petpalace.test/2024/04/29/rubikitalic800100u0-10ffff/,0,wp_font_face,,0
49,1,2024-04-29 10:42:05,2024-04-29 10:42:05,"{""fontFamily"":""Newsreader"",""fontStyle"":""normal"",""fontWeight"":""400"",""src"":""http://petpalace.test/wp-content/uploads/fonts/cY9qfjOCX1hbuyalUrK49dLac06G1ZGsZBtoBCzBDXXD9JVF438weI_ACexEPjCggA.woff2"",""preview"":""https://s.w.org/images/fonts/17.7/previews/newsreader/newsreader-400-normal.svg""}",newsreader;normal;400;100%;U+0-10FFFF,,publish,closed,closed,,newsreadernormal400100u0-10ffff,,,2024-04-29 10:42:05,2024-04-29 10:42:05,,22,http://petpalace.test/2024/04/29/newsreadernormal400100u0-10ffff/,0,wp_font_face,,0
50,1,2024-04-29 10:42:05,2024-04-29 10:42:05,"{""fontFamily"":""Newsreader"",""fontStyle"":""italic"",""fontWeight"":""400"",""src"":""http://petpalace.test/wp-content/uploads/fonts/cY9kfjOCX1hbuyalUrK439vogqC9yFZCYg7oRZaLP4obnf7fTXglsMwoT-ZFHDWwgECi.woff2"",""preview"":""https://s.w.org/images/fonts/17.7/previews/newsreader/newsreader-400-italic.svg""}",newsreader;italic;400;100%;U+0-10FFFF,,publish,closed,closed,,newsreaderitalic400100u0-10ffff,,,2024-04-29 10:42:05,2024-04-29 10:42:05,,22,http://petpalace.test/2024/04/29/newsreaderitalic400100u0-10ffff/,0,wp_font_face,,0
51,1,2024-04-29 10:42:05,2024-04-29 10:42:05,"{""fontFamily"":""Cormorant"",""fontStyle"":""normal"",""fontWeight"":""400"",""src"":""http://petpalace.test/wp-content/uploads/fonts/H4c2BXOCl9bbnla_nHIA47NMUjsNbCVrFhFTQ7Fg7A2uwYs.woff2"",""preview"":""https://s.w.org/images/fonts/17.7/previews/cormorant/cormorant-400-normal.svg""}",cormorant;normal;400;100%;U+0-10FFFF,,publish,closed,closed,,cormorantnormal400100u0-10ffff,,,2024-04-29 10:42:05,2024-04-29 10:42:05,,23,http://petpalace.test/2024/04/29/cormorantnormal400100u0-10ffff/,0,wp_font_face,,0
52,1,2024-04-29 10:42:06,2024-04-29 10:42:06,"{""fontFamily"":""Cormorant"",""fontStyle"":""normal"",""fontWeight"":""500"",""src"":""http://petpalace.test/wp-content/uploads/fonts/H4c2BXOCl9bbnla_nHIA47NMUjsNbCVrFiNTQ7Fg7A2uwYs.woff2"",""preview"":""https://s.w.org/images/fonts/17.7/previews/cormorant/cormorant-500-normal.svg""}",cormorant;normal;500;100%;U+0-10FFFF,,publish,closed,closed,,cormorantnormal500100u0-10ffff,,,2024-04-29 10:42:06,2024-04-29 10:42:06,,23,http://petpalace.test/2024/04/29/cormorantnormal500100u0-10ffff/,0,wp_font_face,,0
53,1,2024-04-29 10:42:06,2024-04-29 10:42:06,"{""fontFamily"":""Cormorant"",""fontStyle"":""italic"",""fontWeight"":""400"",""src"":""http://petpalace.test/wp-content/uploads/fonts/H4c0BXOCl9bbnla_nHIq6oGzilJm9otsA9kQq_dq7S-r0YvxdA.woff2"",""preview"":""https://s.w.org/images/fonts/17.7/previews/cormorant/cormorant-400-italic.svg""}",cormorant;italic;400;100%;U+0-10FFFF,,publish,closed,closed,,cormorantitalic400100u0-10ffff,,,2024-04-29 10:42:06,2024-04-29 10:42:06,,23,http://petpalace.test/2024/04/29/cormorantitalic400100u0-10ffff/,0,wp_font_face,,0
54,1,2024-04-29 10:42:06,2024-04-29 10:42:06,"{""fontFamily"":""Cormorant"",""fontStyle"":""italic"",""fontWeight"":""500"",""src"":""http://petpalace.test/wp-content/uploads/fonts/H4c0BXOCl9bbnla_nHIq6oGzilJm9otsA9kQmfdq7S-r0YvxdA.woff2"",""preview"":""https://s.w.org/images/fonts/17.7/previews/cormorant/cormorant-500-italic.svg""}",cormorant;italic;500;100%;U+0-10FFFF,,publish,closed,closed,,cormorantitalic500100u0-10ffff,,,2024-04-29 10:42:06,2024-04-29 10:42:06,,23,http://petpalace.test/2024/04/29/cormorantitalic500100u0-10ffff/,0,wp_font_face,,0
55,1,2024-04-29 10:42:06,2024-04-29 10:42:06,"{""fontFamily"":""\""Work Sans\"""",""fontStyle"":""normal"",""fontWeight"":""400"",""src"":""http://petpalace.test/wp-content/uploads/fonts/QGY_z_wNahGAdqQ43RhVcIgYT2Xz5u32K0nXNi0Dp6_cOyA.woff2"",""preview"":""https://s.w.org/images/fonts/17.7/previews/work-sans/work-sans-400-normal.svg""}",work sans;normal;400;100%;U+0-10FFFF,,publish,closed,closed,,work-sansnormal400100u0-10ffff,,,2024-04-29 10:42:06,2024-04-29 10:42:06,,24,http://petpalace.test/2024/04/29/work-sansnormal400100u0-10ffff/,0,wp_font_face,,0
56,1,2024-04-29 10:42:06,2024-04-29 10:42:06,"{""fontFamily"":""\""Work Sans\"""",""fontStyle"":""italic"",""fontWeight"":""400"",""src"":""http://petpalace.test/wp-content/uploads/fonts/QGY9z_wNahGAdqQ43Rh_ebrnlwyYfEPxPoGU3msJpo3ZKyDSQQ.woff2"",""preview"":""https://s.w.org/images/fonts/17.7/previews/work-sans/work-sans-400-italic.svg""}",work sans;italic;400;100%;U+0-10FFFF,,publish,closed,closed,,work-sansitalic400100u0-10ffff,,,2024-04-29 10:42:06,2024-04-29 10:42:06,,24,http://petpalace.test/2024/04/29/work-sansitalic400100u0-10ffff/,0,wp_font_face,,0
57,1,2024-04-29 10:42:06,2024-04-29 10:42:06,"{""fontFamily"":""Raleway"",""fontStyle"":""normal"",""fontWeight"":""700"",""src"":""http://petpalace.test/wp-content/uploads/fonts/1Ptxg8zYS_SKggPN4iEgvnHyvveLxVs9pYCKNLA3JC9c.woff2"",""preview"":""https://s.w.org/images/fonts/17.7/previews/raleway/raleway-700-normal.svg""}",raleway;normal;700;100%;U+0-10FFFF,,publish,closed,closed,,ralewaynormal700100u0-10ffff,,,2024-04-29 10:42:06,2024-04-29 10:42:06,,25,http://petpalace.test/2024/04/29/ralewaynormal700100u0-10ffff/,0,wp_font_face,,0
58,1,2024-04-29 10:42:07,2024-04-29 10:42:07,"{""fontFamily"":""Raleway"",""fontStyle"":""italic"",""fontWeight"":""700"",""src"":""http://petpalace.test/wp-content/uploads/fonts/1Pt_g8zYS_SKggPNyCgSQamb1W0lwk4S4Y_LPrEVIT9c2c8.woff2"",""preview"":""https://s.w.org/images/fonts/17.7/previews/raleway/raleway-700-italic.svg""}",raleway;italic;700;100%;U+0-10FFFF,,publish,closed,closed,,ralewayitalic700100u0-10ffff,,,2024-04-29 10:42:07,2024-04-29 10:42:07,,25,http://petpalace.test/2024/04/29/ralewayitalic700100u0-10ffff/,0,wp_font_face,,0
59,1,2024-05-07 07:09:02,0000-00-00 00:00:00,,Auto Draft,,auto-draft,open,open,,,,,2024-05-07 07:09:02,0000-00-00 00:00:00,,0,http://petpalace.test/?p=59,0,post,,0
60,1,2024-05-07 07:22:35,2024-05-07 07:22:35,"Välkommen till Chicken Healthy Growth Puppy All Breed - Valpens bästa vän för en sund och glad uppväxt!

Med en imponerande 40% färsk kyckling och hela 73% animalier, inklusive färskt kött, oljor och fett, är vårt foder utformat för att ge din valp den bästa möjliga starten i livet. Vår unika blandning av ingredienser ger en hög protein- och fetthalt som är perfekt anpassad för den växande valpens behov.

Vår Chicken Healthy Growth är ett skonsamt valpfoder fritt från vete och gluten, vilket gör det lätt att smälta och snällt mot valpens känsliga mage. Dessutom är det packat med DHA för att främja korrekt utveckling av valpens kognitiva funktioner, så din lilla vän kan bli en riktig Einstein.

Vår Chicken Healthy Growth är inte bara för valpar - det är även perfekt för dräktiga eller digivande tikar, så att hela din fyrbenta familj kan njuta av de fantastiska fördelarna!

Slutligen kan du vara säker på att alla våra råvaror produceras inom EU, vilket garanterar högsta kvalitet och säkerhet för din valp.

Några viktiga punkter att komma ihåg:
<ul>
 	<li>Komplett helfoder för valpar med 40% färsk kyckling.</li>
 	<li>Innehåller 73% animalier, inklusive färskt kött, oljor och fett.</li>
 	<li>Skonsamt valpfoder fritt från vete och gluten.</li>
 	<li>Hög protein- och fetthalt anpassad för den växande valpens behov.</li>
 	<li>Innehåller DHA för korrekt utveckling av kognitiva funktioner.</li>
 	<li>Lättsmält foder som stödjer valpens omogna immunförsvar.</li>
 	<li>Innehåller laxolja för frisk hud och blank päls.</li>
 	<li>Prebiotiska fibrer för god tarmfunktion.</li>
 	<li>Även lämpligt för dräktiga/digivande tikar.</li>
 	<li>Alla råvaror produceras inom EU.</li>
</ul>",Chicken Puppy All Breed,,publish,open,closed,,chicken-puppy-all-breed,,,2024-05-07 07:48:12,2024-05-07 07:48:12,,0,http://petpalace.test/?post_type=product&#038;p=60,0,product,,0
61,1,2024-05-07 07:15:06,2024-05-07 07:15:06,,1 (1),,inherit,open,closed,,1-1,,,2024-05-07 07:15:06,2024-05-07 07:15:06,,60,http://petpalace.test/wp-content/uploads/2024/05/1-1.png,0,attachment,image/png,0
62,1,2024-05-07 07:20:47,2024-05-07 07:20:47,,Chicken Puppy All Breed - 2 kg,storlek: 2 kg,publish,closed,closed,,chicken-puppy-all-breed-2-kg,,,2024-05-07 07:48:11,2024-05-07 07:48:11,,60,http://petpalace.test/?post_type=product_variation&p=62,1,product_variation,,0
63,1,2024-05-07 07:20:47,2024-05-07 07:20:47,,Chicken Puppy All Breed - 6 kg,storlek: 6 kg,publish,closed,closed,,chicken-puppy-all-breed-6-kg,,,2024-05-07 07:48:11,2024-05-07 07:48:11,,60,http://petpalace.test/?post_type=product_variation&p=63,2,product_variation,,0
64,1,2024-05-07 07:20:47,2024-05-07 07:20:47,,Chicken Puppy All Breed - 12 kg,storlek: 12 kg,publish,closed,closed,,chicken-puppy-all-breed-12-kg,,,2024-05-07 07:48:11,2024-05-07 07:48:11,,60,http://petpalace.test/?post_type=product_variation&p=64,3,product_variation,,0
65,1,2024-05-07 07:30:12,2024-05-07 07:30:12,"Välkommen till Zoo Good Turkey Light &amp; Senior All Breed – det ultimata valet för vuxna hundar med lägre aktivitetsnivåer eller specifika kostbehov. Med vårt kompletta helfoder kan du vara säker på att din fyrbenta vän får all den näring den behöver för att må bra och leva sitt bästa liv!

Vi har noga utvalda ingredienser för att skapa en måltid som din hund kommer älska. Med hela 40% färskt kalkonkött och en imponerande 58% animalisk råvara, inklusive färskt kött, oljor och fett, ger vi din hund en smakfull och näringsrik måltid varje dag.

Vårt torrfoder är lättsmält och har en hög proteinhalt samt låg fetthalt, vilket gör det lämpligt även för vuxna hundar som är överviktiga eller har en tendens att gå upp i vikt. De höga nivåerna av fibrer främjar mättnadskänslan och en god tarmfunktion, vilket är viktigt för att hålla din hund frisk och i form.
Vårt foder innehåller inget gluten eller vete, vilket minskar risken för allergiska reaktioner och främjar en övergripande hälsa och välbefinnande. Du kan vara trygg i att alla våra råvaror produceras inom EU, vilket garanterar högsta kvalitet och säkerhet för din hunds måltider.

Ge din hund det bästa och välj Zoo Good Turkey Light &amp; Senior All Breed idag för en lyckligare, friskare och mer energisk hund!

<strong>Några viktiga punkter att komma ihåg:</strong>
<ul>
 	<li>Komplett helfoder för vuxna hundar från 12 månader med lägre aktivitetsnivåer.</li>
 	<li>Innehåller 40% färskt kalkonkött.</li>
 	<li>58% animalisk råvara, inklusive färskt kött, oljor och fett.</li>
 	<li>Lättsmält torrfoder med hög proteinhalt och låg fetthalt.</li>
 	<li>Höga nivåer av fibrer främjar mättnadskänsla och en god tarmfunktion.</li>
 	<li>Innehåller L-karnitin och antioxidanter för att stödja fettmetabolismen och minimera risken för oxidativ skada.</li>
 	<li>Tillsatt L-metionin som skyddar kroppens celler från fria radikaler.</li>
 	<li>Gluten- och vetefritt.</li>
 	<li>Alla råvaror produceras inom EU.</li>
</ul>",Turkey Light & Senior All Breed,,publish,open,closed,,turkey-light-senior-all-breed,,,2024-05-07 07:45:32,2024-05-07 07:45:32,,0,http://petpalace.test/?post_type=product&#038;p=65,0,product,,0
66,1,2024-05-07 07:28:40,2024-05-07 07:28:40,,Turkey Light & Senior All Breed - 2 kg,storlek: 2 kg,publish,closed,closed,,turkey-light-senior-all-breed-2-kg,,,2024-05-07 07:29:35,2024-05-07 07:29:35,,65,http://petpalace.test/?post_type=product_variation&p=66,1,product_variation,,0
67,1,2024-05-07 07:28:40,2024-05-07 07:28:40,,Turkey Light & Senior All Breed - 6 kg,storlek: 6 kg,publish,closed,closed,,turkey-light-senior-all-breed-6-kg,,,2024-05-07 07:29:35,2024-05-07 07:29:35,,65,http://petpalace.test/?post_type=product_variation&p=67,2,product_variation,,0
68,1,2024-05-07 07:28:40,2024-05-07 07:28:40,,Turkey Light & Senior All Breed - 12 kg,storlek: 12 kg,publish,closed,closed,,turkey-light-senior-all-breed-12-kg,,,2024-05-07 07:29:35,2024-05-07 07:29:35,,65,http://petpalace.test/?post_type=product_variation&p=68,3,product_variation,,0
69,1,2024-05-07 07:30:00,2024-05-07 07:30:00,,5 (1),,inherit,open,closed,,5-1,,,2024-05-07 07:30:00,2024-05-07 07:30:00,,65,http://petpalace.test/wp-content/uploads/2024/05/5-1.png,0,attachment,image/png,0
70,1,2024-05-07 07:38:39,2024-05-07 07:38:39,"ZOO GOOD Puppy Beef and Chicken är ett spannmålsfritt våtfoder för valpar av alla raser upp till 12 månader samt för dräktiga/digivande tikar. Receptet innehåller kyckling och vit fisk tillagat i sin egen köttsaft vilket gör den exceptionellt smaklig. Hög protein- och fetthalt. Omega-3 fettsyror (DHA) för utveckling av valpens kognitiva funktioner. Kan användas som helfoder eller som smaskig topping. 400 g

Innehåller: Kött och animaliska biprodukter 39% (19% kycklinghjärtan, 10% kycklingkött, 10% kycklingmagar), fisk och fiskbiprodukter 26% (vit fisk), laxolja 2%, ärtmjöl 2%, lignocellulosa 0.7%, kalciumkarbonat 0.3%",Dog Puppy Beef/Chicken Burk,,publish,open,closed,,dog-puppy-beef-chicken-burk,,,2024-05-07 07:38:39,2024-05-07 07:38:39,,0,http://petpalace.test/?post_type=product&#038;p=70,0,product,,0
71,1,2024-05-07 07:36:41,2024-05-07 07:36:41,,Dog Puppy Beef/Chicken Burk - 400g,storlek: 400g,publish,closed,closed,,dog-puppy-beef-chicken-burk-400g,,,2024-05-07 07:37:20,2024-05-07 07:37:20,,70,http://petpalace.test/?post_type=product_variation&p=71,1,product_variation,,0
72,1,2024-05-07 07:38:17,2024-05-07 07:38:17,,6 (1),,inherit,open,closed,,6-1,,,2024-05-07 07:38:17,2024-05-07 07:38:17,,70,http://petpalace.test/wp-content/uploads/2024/05/6-1.png,0,attachment,image/png,0
73,1,2024-05-07 07:44:47,2024-05-07 07:44:47,"ZOO GOOD Lamb är ett spannmålsfritt våtfoder för vuxna hundar med lamm som enda proteinkälla (kött, lever, hjärta och lungor). Maten har en lite högre energihalt vilket gör den lämplig för mer aktiva hundar eller matvägrare. Fodret är tillagat i sin egen köttsaft vilket gör det exceptionellt smakligt. Kan användas som helfoder eller som smaskig topping. 400 g

Innehåller: Protein: 10% - Fett: 8% - Råaska: 2.5% - Råfibrer: 0.7% - Vatten: 78% - Kalcium: 0.25%, Fosfor: 0.2% - Omega-3 fettsyror: 0.10%",Dog Adult Lamb Burk,,publish,open,closed,,dog-adult-lamb-burk,,,2024-05-07 07:44:48,2024-05-07 07:44:48,,0,http://petpalace.test/?post_type=product&#038;p=73,0,product,,0
74,1,2024-05-07 07:41:29,2024-05-07 07:41:29,,9 (1),,inherit,open,closed,,9-1,,,2024-05-07 07:41:29,2024-05-07 07:41:29,,73,http://petpalace.test/wp-content/uploads/2024/05/9-1.png,0,attachment,image/png,0
75,1,2024-05-07 07:43:53,2024-05-07 07:43:53,,Dog Adult Lamb Burk - 400g,storlek: 400g,publish,closed,closed,,dog-adult-lamb-burk-400g,,,2024-05-07 07:44:31,2024-05-07 07:44:31,,73,http://petpalace.test/?post_type=product_variation&p=75,1,product_variation,,0
76,1,2024-05-07 07:53:16,2024-05-07 07:53:16,"Anallergenic torrfoder är ett dietiskt helfoder för hundar, som är utvecklat för minskad intolerans mot ingredienser och näringsämnen. Hydrolyserade proteinkällor och utvalda kolhydratkällor. REKOMMENDATION: veterinär bör rådfrågas före användning och före en förlängning av användningstiden. Använd Anallergenic torrfoder 3 till 8 veckor: om tecknen på intolerans försvinner, kan detta foder inledningsvis användas i upp till ett år.

Innehåller: Protein 18,0 %, Fettinnehåll 16,5 %, Råaska 6,2 %, Växttråd 2,0 %, Essentiell fettsyra (linolsyra) 2,6 %.",Dog Allergy Management,,publish,open,closed,,dog-allergy-management,,,2024-05-07 07:53:16,2024-05-07 07:53:16,,0,http://petpalace.test/?post_type=product&#038;p=76,0,product,,0
77,1,2024-05-07 07:50:45,2024-05-07 07:50:45,,10 (1),,inherit,open,closed,,10-1,,,2024-05-07 07:50:45,2024-05-07 07:50:45,,76,http://petpalace.test/wp-content/uploads/2024/05/10-1.png,0,attachment,image/png,0
78,1,2024-05-07 07:52:06,2024-05-07 07:52:06,,Dog Allergy Management - 3kg,storlek: 3kg,publish,closed,closed,,dog-allergy-management-3kg,,,2024-05-07 07:52:33,2024-05-07 07:52:33,,76,http://petpalace.test/?post_type=product_variation&p=78,1,product_variation,,0
79,1,2024-05-07 07:52:06,2024-05-07 07:52:06,,Dog Allergy Management - 8kg,storlek: 8kg,publish,closed,closed,,dog-allergy-management-8kg,,,2024-05-07 07:52:33,2024-05-07 07:52:33,,76,http://petpalace.test/?post_type=product_variation&p=79,2,product_variation,,0
80,1,2024-05-07 07:54:26,2024-05-07 07:54:26,"Anallergenic torrfoder är ett dietiskt helfoder för hundar, som är utvecklat för minskad intolerans mot ingredienser och näringsämnen. Hydrolyserade proteinkällor och utvalda kolhydratkällor. REKOMMENDATION: veterinär bör rådfrågas före användning och före en förlängning av användningstiden. Använd Anallergenic torrfoder 3 till 8 veckor: om tecknen på intolerans försvinner, kan detta foder inledningsvis användas i upp till ett år.

Innehåller: Protein 18,0 %, Fettinnehåll 16,5 %, Råaska 6,2 %, Växttråd 2,0 %, Essentiell fettsyra (linolsyra) 2,6 %.",Dog Allergy Management,"<p><br data-mce-bogus=""1""></p>",inherit,closed,closed,,76-autosave-v1,,,2024-05-07 07:54:26,2024-05-07 07:54:26,,76,http://petpalace.test/?p=80,0,revision,,0
81,1,2024-05-07 07:58:47,2024-05-07 07:58:47,"Low fat - Svensktillverkat hundfoder för överviktiga hundar. Svenskt helfoder för vuxna hundar med låg aktivitetsnivå, Bozita Robur Dog Light svensk hundmat för övervikt eller för den äldre hunden med lite lägre energibehov, hundar med en tendens att gå upp i vikt. Bozita Robur Dog Light.

Innehåller: Protein 19%, fettinnehåll 8%, kolhydrater (NFE) 55%, växttråd 2%, råaska (mineraler) 6,5% (varav kalcium 1,1% och fosfor 1,0%), omega-6 2,8%, omega-3 0,4%, vatten 10%. Omsättbar energi 1360kJ/100g. *Naturliga råvaror.",Low Fat Torrfoder,,publish,open,closed,,low-fat-torrfoder,,,2024-05-07 07:58:47,2024-05-07 07:58:47,,0,http://petpalace.test/?post_type=product&#038;p=81,0,product,,0
82,1,2024-05-07 07:57:01,2024-05-07 07:57:01,,Low Fat Torrfoder - 2kg,storlek: 2kg,publish,closed,closed,,low-fat-torrfoder-2kg,,,2024-05-07 07:57:34,2024-05-07 07:57:34,,81,http://petpalace.test/?post_type=product_variation&p=82,1,product_variation,,0
83,1,2024-05-07 07:57:01,2024-05-07 07:57:01,,Low Fat Torrfoder - 6kg,storlek: 6kg,publish,closed,closed,,low-fat-torrfoder-6kg,,,2024-05-07 07:57:34,2024-05-07 07:57:34,,81,http://petpalace.test/?post_type=product_variation&p=83,2,product_variation,,0
84,1,2024-05-07 07:57:01,2024-05-07 07:57:01,,Low Fat Torrfoder - 12kg,storlek: 12kg,publish,closed,closed,,low-fat-torrfoder-12kg,,,2024-05-07 07:57:34,2024-05-07 07:57:34,,81,http://petpalace.test/?post_type=product_variation&p=84,3,product_variation,,0
85,1,2024-05-07 07:58:34,2024-05-07 07:58:34,,8 (1),,inherit,open,closed,,8-1,,,2024-05-07 07:58:34,2024-05-07 07:58:34,,81,http://petpalace.test/wp-content/uploads/2024/05/8-1.png,0,attachment,image/png,0
86,1,2024-05-07 08:02:40,2024-05-07 08:02:40,"My favourite dog Bones with lamb är smaskiga, mjuka belöningsgodisar för hundar av alla raser. Smaksatta med lamm är de oemotståndliga även för de mest kräsna hundarna. De är perfekta till din dagliga träning eller som belöning på hundpromenaden. My favourite dog Bones with lamb innehåller naturligtvis inget tillsatt socker, de går utmärkt att använda i aktiveringsleksaker och de levereras i en praktisk hink (i återvinningsbar plast) som gör att godisarna håller sig mjuka längre.

Spannmål, derivater av vegetabiliskt ursprung, kött och animaliska biprodukter (minst 4% lamm), oljor och fetter, extrakt av vegetabiliskt protein, propylenglykol",Bones With Lamb,,publish,open,closed,,bones-with-lamb,,,2024-05-07 08:04:18,2024-05-07 08:04:18,,0,http://petpalace.test/?post_type=product&#038;p=86,0,product,,0
87,1,2024-05-07 08:01:45,2024-05-07 08:01:45,,Bones With Lamb - 500g,storlek: 500g,publish,closed,closed,,bones-with-lamb-500g,,,2024-05-07 08:01:59,2024-05-07 08:01:59,,86,http://petpalace.test/?post_type=product_variation&p=87,1,product_variation,,0
88,1,2024-05-07 08:02:34,2024-05-07 08:02:34,,3 (1),,inherit,open,closed,,3-1,,,2024-05-07 08:02:34,2024-05-07 08:02:34,,86,http://petpalace.test/wp-content/uploads/2024/05/3-1.png,0,attachment,image/png,0
89,1,2024-05-07 08:07:22,2024-05-07 08:07:22,Ett härligt läderkoppel för promenaderna med din hund.,Läderkoppel,,publish,open,closed,,laderkoppel,,,2024-05-07 08:07:22,2024-05-07 08:07:22,,0,http://petpalace.test/?post_type=product&#038;p=89,0,product,,0
90,1,2024-05-07 08:07:15,2024-05-07 08:07:15,,45 (1),,inherit,open,closed,,45-1,,,2024-05-07 08:07:15,2024-05-07 08:07:15,,89,http://petpalace.test/wp-content/uploads/2024/05/45-1.png,0,attachment,image/png,0
91,1,2024-05-07 08:10:29,2024-05-07 08:10:29,Höna - Lång plyschleksak som är idealisk för dragkampslekar &amp; ruskande. Hundleksaken har inre strukturerad nacke för naturliga tugginstinkter. Lågtonspip &amp; förstärkt plyschdesignen håller hundar roade lekfulla länge. Perfekt för apporteringslekar med hunden. Kong Shakers Honkers Hen Dog Toy.,Shakers Honkers Hen Dog Toy,,publish,open,closed,,shakers-honkers-hen-dog-toy,,,2024-05-07 08:13:04,2024-05-07 08:13:04,,0,http://petpalace.test/?post_type=product&#038;p=91,0,product,,0
92,1,2024-05-07 08:09:00,2024-05-07 08:09:00,,38,,inherit,open,closed,,38,,,2024-05-07 08:09:00,2024-05-07 08:09:00,,91,http://petpalace.test/wp-content/uploads/2024/05/38.png,0,attachment,image/png,0
93,1,2024-05-07 08:12:18,2024-05-07 08:12:18,"Björn - Gulligt mjukisdjur ""kiddos bear"" till hunden från KONG. Mjukisbjörnen passar perfekt för långa lek &amp; mysstunder. Praktisk pipfunktion som du enkelt kan ta bort om du önskar lugn &amp; ro medan hunden leker. Sätt i pipfunktionen igen om du önskar att hunden ska få lite extra rolig lek med pipljud. Kong Comfort Kiddos Bear Black Large Dog Toy",Comfort Kiddos Bear Black Large,,publish,open,closed,,comfort-kiddos-bear-black-large,,,2024-05-07 08:14:08,2024-05-07 08:14:08,,0,http://petpalace.test/?post_type=product&#038;p=93,0,product,,0
94,1,2024-05-07 08:11:43,2024-05-07 08:11:43,,42,,inherit,open,closed,,42,,,2024-05-07 08:11:43,2024-05-07 08:11:43,,93,http://petpalace.test/wp-content/uploads/2024/05/42.png,0,attachment,image/png,0
95,1,2024-05-07 09:12:29,2024-05-07 09:12:29,"Våra små minitigrar är strikta köttätare och behöver ha ett  foder anpassat därefter. Denna blötmat innehåller mycket gott och lättsmält kött från kalkon och lax. Dessutom innehåller blötmaten andra naturliga ingredienser som främjar kattens välbefinnande:
<ul>
 	<li>Omega-3 fettsyror från linfröolja främjar en frisk hud och glansig päls samt hjärnan och synens normala funktion</li>
 	<li>Innehåller näringsrikt och lättsmält kött som också gör maten särskilt välsmakande</li>
 	<li>Zink och biotin främjar hud och päls</li>
 	<li>Tranbär främjar friska urinvägar</li>
 	<li>Helt spannmål- och potatisfri</li>
 	<li>Innehåller inga artificiella smaker, färgämnen eller konserveringsmedel</li>
</ul>",Kitten Turkey & Salmon,,publish,open,closed,,turkey-salmon,,,2024-05-07 09:24:00,2024-05-07 09:24:00,,0,http://petpalace.test/?post_type=product&#038;p=95,0,product,,0
96,1,2024-05-07 09:12:20,2024-05-07 09:12:20,,11,,inherit,open,closed,,11,,,2024-05-07 09:12:20,2024-05-07 09:12:20,,95,http://petpalace.test/wp-content/uploads/2024/05/11.png,0,attachment,image/png,0
97,1,2024-05-07 09:21:16,2024-05-07 09:21:16,"Free Range Chicken är ett torrfoder som är speciellt framtagen för att vara helt spannmålsfritt. Kötthalten är över 65% och består utav kyckling för att erbjuda en proteinrik diet som din katt kommer må bra av. Free Range Chicken ger din katt mycket näring och innehåller få kolhydrater, inget spannmål och en hel drös med välgörande grönsaker och växter för att efterlikna kattens naturliga föda. Kyckling är en utmärkt källa för protein, vitaminer, fosfor och selen - samtliga stärker immunsystemet! Sötpotatis är en lättsmält energikälla som tas upp långsamt, rik på antioxidanter och en utmärkt källa för fiber. Sjögräs ger en naturlig och värdefull mineralkälla som bland annat kontrollerar metabolismen hos din katt. Ringblomma, tranbär och kamomill stimulerar produkten av vita blodkroppar och stärker immunförsvaret samtidigt som de har en rogivande effekt för att reducera stress.",Cat Free Range Chicken,,publish,open,closed,,cat-free-range-chicken,,,2024-05-07 09:28:58,2024-05-07 09:28:58,,0,http://petpalace.test/?post_type=product&#038;p=97,0,product,,0
98,1,2024-05-07 09:16:22,2024-05-07 09:16:22,,12,,inherit,open,closed,,12,,,2024-05-07 09:16:22,2024-05-07 09:16:22,,97,http://petpalace.test/wp-content/uploads/2024/05/12.png,0,attachment,image/png,0
99,1,2024-05-07 09:17:01,2024-05-07 09:17:01,,Cat Free Range Chicken - 2 kg,Storlek: 2 kg,publish,closed,closed,,cat-regional-red-2-kg,,,2024-05-07 09:21:13,2024-05-07 09:21:13,,97,http://petpalace.test/?post_type=product_variation&p=99,1,product_variation,,0
100,1,2024-05-07 09:17:01,2024-05-07 09:17:01,,Cat Free Range Chicken - 4 kg,Storlek: 4 kg,publish,closed,closed,,cat-regional-red-4-kg,,,2024-05-07 09:21:13,2024-05-07 09:21:13,,97,http://petpalace.test/?post_type=product_variation&p=100,2,product_variation,,0
101,1,2024-05-07 09:17:01,2024-05-07 09:17:01,,Cat Free Range Chicken - 8 kg,Storlek: 8 kg,publish,closed,closed,,cat-regional-red-8-kg,,,2024-05-07 09:21:13,2024-05-07 09:21:13,,97,http://petpalace.test/?post_type=product_variation&p=101,3,product_variation,,0
102,1,2024-05-07 09:28:22,2024-05-07 09:28:22,"Med vår filosofi återvänder vi till katternas naturliga ursprung där animaliska proteinkällor står i centrum vid utfodringen. Kitten Lax &amp; Kalkon är ett helt spannmåls- och potatisfritt helfoder med lax för växande kattungar (1-12 månader). Fodret innehåller allt din kattunge behöver för en sund utveckling och tillväxt och för att den ska kunna leva ett långt och friskt liv. Lax är en animalisk proteinkälla som få katter är allergiska mot, det är mycket lättsmält, mycket smakligt och brukar falla de flesta katter i smaken. Lax och kalkon är goda källor till lättsmälta proteiner och lax är rik på är omättade Omega 3-fettsyror som hjälper till förbättra utseende och kvalitet på hud och päls. Fodret är även berikat med skogsbär, grönsaker och örter som underlättar matsmältningen och hjälper till att gynna en god tarmflora. Fodret bidrar till en god utveckling av skelett, muskler och immunförsvar. Alla vår foder är helt fria från kemikalier, konserveringsmedel och färgämnen. Finns i tre olika förpackningsstorlekar, 400 g, 2 kg samt 6 kg.",Kitten Lax & Kalkon,,publish,open,closed,,kitten-lax-kalkon,,,2024-05-07 09:28:46,2024-05-07 09:28:46,,0,http://petpalace.test/?post_type=product&#038;p=102,0,product,,0
103,1,2024-05-07 09:24:28,2024-05-07 09:24:28,,13,,inherit,open,closed,,13,,,2024-05-07 09:24:28,2024-05-07 09:24:28,,102,http://petpalace.test/wp-content/uploads/2024/05/13.png,0,attachment,image/png,0
104,1,2024-05-07 09:27:15,2024-05-07 09:27:15,,Kitten Lax & Kalkon - 400 g,Storlek: 400 g,publish,closed,closed,,kitten-lax-kalkon-400-g,,,2024-05-07 09:28:17,2024-05-07 09:28:17,,102,http://petpalace.test/?post_type=product_variation&p=104,1,product_variation,,0
105,1,2024-05-07 09:27:15,2024-05-07 09:27:15,,Kitten Lax & Kalkon - 2 kg,Storlek: 2 kg,publish,closed,closed,,kitten-lax-kalkon-2-kg,,,2024-05-07 09:28:17,2024-05-07 09:28:17,,102,http://petpalace.test/?post_type=product_variation&p=105,2,product_variation,,0
106,1,2024-05-07 09:27:15,2024-05-07 09:27:15,,Kitten Lax & Kalkon - 6 kg,Storlek: 6 kg,publish,closed,closed,,kitten-lax-kalkon-6-kg,,,2024-05-07 09:28:17,2024-05-07 09:28:17,,102,http://petpalace.test/?post_type=product_variation&p=106,3,product_variation,,0
107,1,2024-05-07 09:32:33,2024-05-07 09:32:33,"Ett högkvalitativt, spannmålsfritt kattgodis. Godiset har högt köttinnehåll och innehåller antioxidanter.

Din vän bör ha en balanserad kost där godis enbart utgör en liten del av dess dagliga intag. Även om din bästa vän är en gottegris är det ditt jobb att se till att den håller sig hälsosam. Nosa reda på rekommendationer på baksidan av förpackningarna och kom ihåg att kattens storlek påverkar intaget.",Cat Snack Chicken & Thyme,,publish,open,closed,,cat-snack-chicken-thyme,,,2024-05-07 09:32:33,2024-05-07 09:32:33,,0,http://petpalace.test/?post_type=product&#038;p=107,0,product,,0
108,1,2024-05-07 09:30:27,2024-05-07 09:30:27,,14,,inherit,open,closed,,14,,,2024-05-07 09:30:27,2024-05-07 09:30:27,,107,http://petpalace.test/wp-content/uploads/2024/05/14.png,0,attachment,image/png,0
109,1,2024-05-07 09:36:54,2024-05-07 09:36:54,"Våtfoder med mört kycklingbröst och nötkött i gelé med hög smaklighet och smältbarhet. Ett naturligt kompletteringsfoder för den vuxna katten. Innehåller inga konstgjorda tillsatser, smakämnen eller konserveringsmedel. Komplettera med andra våtfoder och torrfoder för en balanserad diet. Se alltid till att din katt har tillgång till färskt vatten.",Kyckling & Biff i Gelé,,publish,open,closed,,kyckling-biff-i-gele,,,2024-05-07 09:37:08,2024-05-07 09:37:08,,0,http://petpalace.test/?post_type=product&#038;p=109,0,product,,0
110,1,2024-05-07 09:36:32,2024-05-07 09:36:32,,15,,inherit,open,closed,,15,,,2024-05-07 09:36:32,2024-05-07 09:36:32,,109,http://petpalace.test/wp-content/uploads/2024/05/15.png,0,attachment,image/png,0
111,1,2024-05-07 09:44:41,2024-05-07 09:44:41,En enkel klöspelare Piko för mindre katter. En klöspelare är perfekt för katter att vässa sina klor på och sparar på så sätt din heminredning och andra föremål. Dessutom har Piko klöspelaren hängande leksaker som gör det extra roligt för katten. Färg: Rosa. Mått:  H 47 x Ø 31 x cm,Klöspelare Piko Rosa,,publish,open,closed,,klospelare-piko-rosa,,,2024-05-07 09:54:23,2024-05-07 09:54:23,,0,http://petpalace.test/?post_type=product&#038;p=111,0,product,,0
112,1,2024-05-07 09:41:24,2024-05-07 09:41:24,,26,,inherit,open,closed,,26,,,2024-05-07 09:41:24,2024-05-07 09:41:24,,111,http://petpalace.test/wp-content/uploads/2024/05/26.png,0,attachment,image/png,0
113,1,2024-05-07 09:50:58,2024-05-07 09:50:58,"Ett vackert sagoslott med slottstrappa och tre mysiga utkikstorn erbjuder den fyrbenta kungliga högheten en mängd liggplatser!
I det stora sovhuset har också stora kattraser tillräckligt med plats att dra sig tillbaka på.

De extra stora, delade klösstammarna med sisal är perfekta att vässa klorna på och katten kan tänja sig ordentligt. Dessutom är stammarna roliga att klättra på, och i hushåll med flera katter är de omtyckta för spännande jaktlekar. En slottstrappa med plysch leder från taket på det stora sovhuset till ett annat hus en våning högre, lite mindre i storlek. De två slottstornen har var sin vadderad utkiksplattform med en kant att luta sig mot. Härifrån kan katten bekvämt ha kungariket under uppsikt.",Paradise Klösträd,,trash,open,closed,,__trashed,,,2024-05-07 09:50:58,2024-05-07 09:50:58,,0,http://petpalace.test/?post_type=product&#038;p=113,0,product,,0
114,1,2024-05-07 09:47:21,2024-05-07 09:47:21,,32,,inherit,open,closed,,32,,,2024-05-07 09:47:21,2024-05-07 09:47:21,,113,http://petpalace.test/wp-content/uploads/2024/05/32.png,0,attachment,image/png,0
115,1,2024-05-07 09:53:42,2024-05-07 09:53:42,"Ett vackert sagoslott med slottstrappa och tre mysiga utkikstorn erbjuder den fyrbenta kungliga högheten en mängd liggplatser!
I det stora sovhuset har också stora kattraser tillräckligt med plats att dra sig tillbaka på.

De extra stora, delade klösstammarna med sisal är perfekta att vässa klorna på och katten kan tänja sig ordentligt. Dessutom är stammarna roliga att klättra på, och i hushåll med flera katter är de omtyckta för spännande jaktlekar. En slottstrappa med plysch leder från taket på det stora sovhuset till ett annat hus en våning högre, lite mindre i storlek. De två slottstornen har var sin vadderad utkiksplattform med en kant att luta sig mot. Härifrån kan katten bekvämt ha kungariket under uppsikt.",Paradise Klösträd,,publish,open,closed,,paradise-klostrad,,,2024-05-07 09:54:00,2024-05-07 09:54:00,,0,http://petpalace.test/?post_type=product&#038;p=115,0,product,,0
116,1,2024-05-07 09:52:47,2024-05-07 09:52:47,,Paradise Klösträd - Brun,Färg: Brun,publish,closed,closed,,paradise-klostrad-brun,,,2024-05-07 09:53:29,2024-05-07 09:53:29,,115,http://petpalace.test/?post_type=product_variation&p=116,1,product_variation,,0
117,1,2024-05-07 09:52:47,2024-05-07 09:52:47,,Paradise Klösträd - Grå,Färg: Grå,publish,closed,closed,,paradise-klostrad-gra,,,2024-05-07 09:53:40,2024-05-07 09:53:40,,115,http://petpalace.test/?post_type=product_variation&p=117,2,product_variation,,0
118,1,2024-05-07 09:56:40,2024-05-07 09:56:40,Praktisk transportbur i plast för katter och små hundar. En säker transportbur som underlättar transporter t.ex. till veterinären. Med avtagbar lucka och god ventilation. Lätt att rengöra. Storlek: 58 x 37 x 32 cm.,Atlas Transportbur,,publish,open,closed,,atlas-transportbur,,,2024-05-07 09:56:40,2024-05-07 09:56:40,,0,http://petpalace.test/?post_type=product&#038;p=118,0,product,,0
119,1,2024-05-07 09:55:58,2024-05-07 09:55:58,,30,,inherit,open,closed,,30,,,2024-05-07 09:55:58,2024-05-07 09:55:58,,118,http://petpalace.test/wp-content/uploads/2024/05/30.png,0,attachment,image/png,0
120,1,2024-05-07 10:01:32,2024-05-07 10:01:32,"Extra Strength Unscented är en oparfymerad kattsand av högsta kvalitet med maximal klumpbildningsförmåga, vilket förhindrar urinen från att tränga sig igenom och lägga sig på botten av lådan där det bildas bakterier som gör att det börjar lukta. Kattsanden passar både katter och kattägare som är känsliga för parfym. Kattsandens alla korn innehåller aktivt kol, vilket bidrar till att fånga upp och neutralisera de molekyler som orsakar dålig lukt. Kattsanden innehåller endast naturliga mineraler och lera, bland annat bentonitlera och ett antimikrobiellt ämne som tillsätts för att förhindra tillväxten av odörorsakande bakterier. 10 kg.",Extra Strong Unscented Kattsand,,publish,open,closed,,extra-strong-unscented-kattsand,,,2024-05-07 10:01:32,2024-05-07 10:01:32,,0,http://petpalace.test/?post_type=product&#038;p=120,0,product,,0
121,1,2024-05-07 09:59:06,2024-05-07 09:59:06,,74,,inherit,open,closed,,74,,,2024-05-07 09:59:06,2024-05-07 09:59:06,,120,http://petpalace.test/wp-content/uploads/2024/05/74.png,0,attachment,image/png,0
124,1,2024-05-07 10:04:14,2024-05-07 10:04:14,"Cat step kattsand är en nydesignad klumpande kattsand gjord på restprodukter från sojabönor. Detta har en utmärkt absorptionsförmåga, odör kontroll samt klumpningsförmåga. Den är giftfri, innehåller inga kemiska tillsatser och är säker för människor och djur. Oparfymerad. 6 L.",Tofu Kattsand,,publish,open,closed,,tofu-kattsand,,,2024-05-07 10:04:53,2024-05-07 10:04:53,,0,http://petpalace.test/?post_type=product&#038;p=124,0,product,,0
125,1,2024-05-07 10:04:09,2024-05-07 10:04:09,,75,,inherit,open,closed,,75,,,2024-05-07 10:04:09,2024-05-07 10:04:09,,124,http://petpalace.test/wp-content/uploads/2024/05/75.png,0,attachment,image/png,0
126,1,2024-05-07 10:07:56,2024-05-07 10:07:56,Locka din misse med kattvippan. Mjau vad kul! Storlek: 30 cm.,Kattvippa med Fjädrar,,publish,open,closed,,kattvippa-med-fjadrar,,,2024-05-07 10:07:57,2024-05-07 10:07:57,,0,http://petpalace.test/?post_type=product&#038;p=126,0,product,,0
127,1,2024-05-07 10:07:49,2024-05-07 10:07:49,,28,,inherit,open,closed,,28,,,2024-05-07 10:07:49,2024-05-07 10:07:49,,126,http://petpalace.test/wp-content/uploads/2024/05/28.png,0,attachment,image/png,0
128,1,2024-05-07 10:09:51,2024-05-07 10:09:51,Våra hundar och katters klor växer ständigt och dem kan behöva lite hjälp på traven att klippa dessa så att dem inte blir för långa. Denna klotång är en praktisk och behändig klotång av rostfritt stål och bekväma plasthandtag. Var noga med att inte klippa i pulpan (den blodförsedda delen av klon) och klipp hellre lite och ofta istället för mycket och sällan!,Klotång,,publish,open,closed,,klotang,,,2024-05-07 10:09:51,2024-05-07 10:09:51,,0,http://petpalace.test/?post_type=product&#038;p=128,0,product,,0
129,1,2024-05-07 10:09:25,2024-05-07 10:09:25,,48,,inherit,open,closed,,48,,,2024-05-07 10:09:25,2024-05-07 10:09:25,,128,http://petpalace.test/wp-content/uploads/2024/05/48.png,0,attachment,image/png,0
130,1,2024-05-07 10:11:46,2024-05-07 10:11:46,"Att jaga är ett naturligt beteende för alla katter. House mus är fyll med kattmynta och prasslande material, vilket gör leken extra rolig. De olika texturerna gör jakten verklighetstrogen, och stimulerar din katts jaktbehov. Storlek: 6 x 5 x 20 cm

Kom ihåg! Vissa av våra sällskapsdjur är starkare än vi tror. Håll katten under uppsikt när den leker, och ta bort leksaken om den går sönder. Tänk på att anpassa storleken på leksaken efter hur stort ditt djur är, lagom är alltid bäst.",House mus,,publish,open,closed,,house-mus,,,2024-05-07 10:11:47,2024-05-07 10:11:47,,0,http://petpalace.test/?post_type=product&#038;p=130,0,product,,0
131,1,2024-05-07 10:11:39,2024-05-07 10:11:39,,37,,inherit,open,closed,,37,,,2024-05-07 10:11:39,2024-05-07 10:11:39,,130,http://petpalace.test/wp-content/uploads/2024/05/37.png,0,attachment,image/png,0
132,1,2024-05-07 14:26:48,0000-00-00 00:00:00,"{
    ""woocommerce_thumbnail_cropping"": {
        ""value"": ""custom"",
        ""type"": ""option"",
        ""user_id"": 1,
        ""date_modified_gmt"": ""2024-05-07 14:26:48""
    }
}",,,auto-draft,closed,closed,,34dd2c6c-f976-4376-947e-8f8176acea59,,,2024-05-07 14:26:48,0000-00-00 00:00:00,,0,http://petpalace.test/?p=132,0,customize_changeset,,0
133,1,2024-05-07 14:31:58,2024-05-07 14:31:58,,42,,inherit,open,closed,,42-2,,,2024-05-07 14:31:58,2024-05-07 14:31:58,,0,http://petpalace.test/wp-content/uploads/2024/05/42-1.png,0,attachment,image/png,0
134,1,2024-05-07 14:32:01,2024-05-07 14:32:01,,38,,inherit,open,closed,,38-2,,,2024-05-07 14:32:01,2024-05-07 14:32:01,,0,http://petpalace.test/wp-content/uploads/2024/05/38-1.png,0,attachment,image/png,0
135,1,2024-05-07 14:32:03,2024-05-07 14:32:03,,45 (1),,inherit,open,closed,,45-1-2,,,2024-05-07 14:32:03,2024-05-07 14:32:03,,0,http://petpalace.test/wp-content/uploads/2024/05/45-1-1.png,0,attachment,image/png,0
136,1,2024-05-07 14:32:06,2024-05-07 14:32:06,,3 (1),,inherit,open,closed,,3-1-2,,,2024-05-07 14:32:06,2024-05-07 14:32:06,,0,http://petpalace.test/wp-content/uploads/2024/05/3-1-1.png,0,attachment,image/png,0
137,1,2024-05-07 14:32:09,2024-05-07 14:32:09,,8 (1),,inherit,open,closed,,8-1-2,,,2024-05-07 14:32:09,2024-05-07 14:32:09,,0,http://petpalace.test/wp-content/uploads/2024/05/8-1-1.png,0,attachment,image/png,0
138,1,2024-05-07 14:32:11,2024-05-07 14:32:11,,10 (1),,inherit,open,closed,,10-1-2,,,2024-05-07 14:32:11,2024-05-07 14:32:11,,0,http://petpalace.test/wp-content/uploads/2024/05/10-1-1.png,0,attachment,image/png,0
139,1,2024-05-07 14:32:14,2024-05-07 14:32:14,,9 (1),,inherit,open,closed,,9-1-2,,,2024-05-07 14:32:14,2024-05-07 14:32:14,,0,http://petpalace.test/wp-content/uploads/2024/05/9-1-1.png,0,attachment,image/png,0
140,1,2024-05-07 14:32:17,2024-05-07 14:32:17,,6 (1),,inherit,open,closed,,6-1-2,,,2024-05-07 14:32:17,2024-05-07 14:32:17,,0,http://petpalace.test/wp-content/uploads/2024/05/6-1-1.png,0,attachment,image/png,0
141,1,2024-05-07 14:32:19,2024-05-07 14:32:19,,5 (1),,inherit,open,closed,,5-1-2,,,2024-05-07 14:32:19,2024-05-07 14:32:19,,0,http://petpalace.test/wp-content/uploads/2024/05/5-1-1.png,0,attachment,image/png,0
142,1,2024-05-07 14:32:22,2024-05-07 14:32:22,,1 (1),,inherit,open,closed,,1-1-2,,,2024-05-07 14:32:22,2024-05-07 14:32:22,,0,http://petpalace.test/wp-content/uploads/2024/05/1-1-1.png,0,attachment,image/png,0
143,1,2024-05-09 04:30:57,0000-00-00 00:00:00,,AUTO-DRAFT,,auto-draft,open,closed,,,,,2024-05-09 04:30:57,0000-00-00 00:00:00,,0,http://petpalace.test/?post_type=product&p=143,0,product,,0
144,1,2024-05-09 04:36:59,2024-05-09 04:36:59,"Det här hamsterhjulet är stort nog att passa även för guldhamstrar. Kommer i osorterade färger som ej kan väljas på förhand.
Hamsterhjul i plast, 18 x h 31,5 cm - Ø 30 cm.",Hamsterhjul,,publish,open,closed,,144,,,2024-05-09 04:37:50,2024-05-09 04:37:50,,0,http://petpalace.test/?post_type=product&#038;p=144,0,product,,0
145,1,2024-05-09 04:33:07,2024-05-09 04:33:07,,1,,inherit,open,closed,,1,,,2024-05-09 04:33:07,2024-05-09 04:33:07,,144,http://petpalace.test/wp-content/uploads/2024/05/1-1.png,0,attachment,image/png,0
146,1,2024-05-09 04:33:13,2024-05-09 04:33:13,,2(1),,inherit,open,closed,,21,,,2024-05-09 04:33:13,2024-05-09 04:33:13,,144,http://petpalace.test/wp-content/uploads/2024/05/21-1.png,0,attachment,image/png,0
147,1,2024-05-09 04:33:20,2024-05-09 04:33:20,,3,,inherit,open,closed,,3,,,2024-05-09 04:33:20,2024-05-09 04:33:20,,144,http://petpalace.test/wp-content/uploads/2024/05/3-1.png,0,attachment,image/png,0
148,1,2024-05-09 04:33:26,2024-05-09 04:33:26,,5(1),,inherit,open,closed,,51,,,2024-05-09 04:33:26,2024-05-09 04:33:26,,144,http://petpalace.test/wp-content/uploads/2024/05/51-1.png,0,attachment,image/png,0
149,1,2024-05-09 04:33:32,2024-05-09 04:33:32,,6,,inherit,open,closed,,6,,,2024-05-09 04:33:32,2024-05-09 04:33:32,,144,http://petpalace.test/wp-content/uploads/2024/05/6-1.png,0,attachment,image/png,0
150,1,2024-05-09 04:33:34,2024-05-09 04:33:34,,4(1),,inherit,open,closed,,41,,,2024-05-09 04:33:34,2024-05-09 04:33:34,,144,http://petpalace.test/wp-content/uploads/2024/05/41-1.png,0,attachment,image/png,0
151,1,2024-05-09 04:33:36,2024-05-09 04:33:36,,7,,inherit,open,closed,,7,,,2024-05-09 04:33:36,2024-05-09 04:33:36,,144,http://petpalace.test/wp-content/uploads/2024/05/7-1.png,0,attachment,image/png,0
152,1,2024-05-09 04:33:38,2024-05-09 04:33:38,,8,,inherit,open,closed,,8,,,2024-05-09 04:33:38,2024-05-09 04:33:38,,144,http://petpalace.test/wp-content/uploads/2024/05/8-1.png,0,attachment,image/png,0
153,1,2024-05-09 04:33:41,2024-05-09 04:33:41,,9,,inherit,open,closed,,9,,,2024-05-09 04:33:41,2024-05-09 04:33:41,,144,http://petpalace.test/wp-content/uploads/2024/05/9-1.png,0,attachment,image/png,0
154,1,2024-05-09 04:33:43,2024-05-09 04:33:43,,10,,inherit,open,closed,,10,,,2024-05-09 04:33:43,2024-05-09 04:33:43,,144,http://petpalace.test/wp-content/uploads/2024/05/10-1.png,0,attachment,image/png,0
155,1,2024-05-09 04:33:46,2024-05-09 04:33:46,,16(1),,inherit,open,closed,,161,,,2024-05-09 04:33:46,2024-05-09 04:33:46,,144,http://petpalace.test/wp-content/uploads/2024/05/161-1.png,0,attachment,image/png,0
156,1,2024-05-09 04:33:48,2024-05-09 04:33:48,,11,,inherit,open,closed,,11-2,,,2024-05-09 04:33:48,2024-05-09 04:33:48,,144,http://petpalace.test/wp-content/uploads/2024/05/11-1.png,0,attachment,image/png,0